markers	cell
AQP4	ast
ALDH1L1	ast
BMPR1B	ast
SLC14A1	ast
MLC1	ast
FGFR3	ast
SLC25A18	ast
GLI3	ast
GFAP	ast
ACSBG1	ast
SLC4A4	ast
GJA1	ast
GJB6	ast
SLC39A12	ast
AGT	ast
CHRDL1	ast
SLC1A2	ast
CLDN10	ast
SOX9	ast
PPP1R3C	ast
CLU	ast
SLC7A10	ast
ID4	ast
DIO2	ast
SFXN5	ast
SLC6A11	ast
ATP13A4	ast
ACOT11	ast
SCARA3	ast
ALDOC	ast
PLCD4	ast
ATP1B2	ast
NTSR2	ast
RGS20	ast
ELOVL2	ast
PAX6	ast
ENTPD2	ast
NCAN	ast
KIAA1161	ast
ETNPPL	ast
PPAP2B	ast
LGR6	ast
GPAM	ast
NWD1	ast
F3	ast
TTPA	ast
CBS	ast
LIX1	ast
GRIN2C	ast
PHKG1	ast
SDC4	ast
ACSL6	ast
HGF	ast
KCNN3	ast
SLC1A3	ast
ADHFE1	ast
ARHGEF26	ast
CTH	ast
GLUD1	ast
ITGA7	ast
RANBP3L	ast
PRODH	ast
GPR37L1	ast
AIFM3	ast
LGR4	ast
CPE	ast
CHI3L1	ast
RFX4	ast
PSD2	ast
GLI2	ast
LHX2	ast
TTYH1	ast
GDPD2	ast
TLCD1	ast
PRDM16	ast
GRM3	ast
HTRA1	ast
FJX1	ast
GABRG1	ast
SLC15A2	ast
MT3	ast
TRIL	ast
RORB	ast
KIAA2012	ast
ABCD2	ast
CYP4F2	ast
PRDX6	ast
LRIG1	ast
MGST1	ast
LCAT	ast
GLIS3	ast
AASS	ast
PAMR1	ast
SCG3	ast
SORCS2	ast
GLDC	ast
SLC27A1	ast
NDRG2	ast
FAM198A	ast
BCAN	ast
EZR	ast
SLC13A5	ast
TRPS1	ast
MFGE8	ast
OTX1	ast
ADORA2B	ast
SLC30A10	ast
ATP1A2	ast
TST	ast
EDNRB	ast
LGI4	ast
SPARCL1	ast
EPHX2	ast
PPP1R3G	ast
FAM107A	ast
SLC1A4	ast
BTBD17	ast
STON2	ast
DTNA	ast
SLC7A2	ast
ENHO	ast
SLC7A11	ast
PHKA1	ast
C2ORF72	ast
KLF15	ast
AK4	ast
NKAIN4	ast
AHCYL1	ast
FADS2	ast
ACSS1	ast
PYGB	ast
TNC	ast
DDO	ast
DDAH1	ast
FGF2	ast
P4HA3	ast
WWC1	ast
EGFR	ast
TMEM47	ast
NADK2	ast
EMX2OS	ast
FZD2	ast
PBXIP1	ast
NDP	ast
GPC5	ast
PLA2G5	ast
RAVER2	ast
PHF21B	ast
PTCH1	ast
MAPK4	ast
SLC25A48	ast
SLC2A4	ast
FXYD1	ast
NTRK2	ast
PLA2G7	ast
GABRB1	ast
ITIH3	ast
RGMA	ast
BDH2	ast
MAOB	ast
RMST	ast
PALLD	ast
GRAMD1C	ast
PITPNC1	ast
APOE	ast
RNF182	ast
HEPH	ast
FREM2	ast
CAMK2G	ast
ERBB2	ast
MT1X	ast
GPC4	ast
PLXNB1	ast
POU3F2	ast
IGSF1	ast
AGL	ast
MMD2	ast
VAV3	ast
RPE65	ast
GREB1	ast
OAF	ast
MIR99AHG	ast
NAT8	ast
SOX2	ast
CACHD1	ast
TUBB2B	ast
IL33	ast
SELENBP1	ast
SYPL2	ast
MFAP3L	ast
SLC9A3R1	ast
GLI1	ast
TRPM3	ast
TULP3	ast
EFEMP1	ast
HIF3A	ast
MSI2	ast
PPIL6	ast
HEPACAM	ast
CADM1	ast
MRAS	ast
CYP7B1	ast
FMO1	ast
PGM1	ast
PPARA	ast
FGD6	ast
GCNT4	ast
SLC44A3	ast
SDC2	ast
BBOX1	ast
AQP9	ast
SCTR	ast
ABHD3	ast
AKT2	ast
PTPRF	ast
RDH5	ast
UGP2	ast
MYH15	ast
SH3PXD2B	ast
APPL2	ast
HRSP12	ast
FMN2	ast
SEMA4B	ast
AMOT	ast
FGFR1	ast
CKB	ast
EMX2	ast
FAM184A	ast
IGDCC4	ast
MT1E	ast
FAM181B	ast
SLC25A34	ast
FAM20A	ast
CELSR1	ast
RFX2	ast
GPR19	ast
FABP7	ast
FGFRL1	ast
PREX2	ast
MRO	ast
DLG5	ast
DBX2	ast
PRKD1	ast
NTM	ast
INTU	ast
HSD17B6	ast
SLC2A10	ast
WNT7B	ast
TTLL8	ast
HOPX	ast
LRRC9	ast
KIRREL2	ast
LINC01314	ast
PLD2	ast
NPAS3	ast
PXMP2	ast
BMPR1A	ast
TNIK	ast
TRIM9	ast
IQCA1	ast
NIM1K	ast
HHIPL1	ast
FAM189A2	ast
SLC13A3	ast
NAPRT	ast
SEMA4A	ast
NQO1	ast
MACF1	ast
FADS1	ast
PIPOX	ast
SLC20A1	ast
RGR	ast
DNAI1	ast
PON2	ast
ALDH7A1	ast
NR2E1	ast
OR10AD1	ast
DDHD1	ast
NPHS1	ast
NPHP3	ast
FAM181A	ast
PAQR8	ast
FKBP10	ast
ECHDC2	ast
NOTCH2	ast
DTX1	ast
FARP1	ast
ADCYAP1R1	ast
FEZF2	ast
DHTKD1	ast
LPIN3	ast
PDE9A	ast
PPP1R1B	ast
SYCP2	ast
LRP4	ast
ARHGEF4	ast
RAB34	ast
RAPGEF3	ast
GRHL1	ast
CYP4F11	ast
PLIN5	ast
PRSS35	ast
HRH1	ast
SLCO1C1	ast
FAM171B	ast
KCNE5	ast
CIDEB	ast
BBS2	ast
ZNRF3	ast
PEX11A	ast
CDH20	ast
KCTD14	ast
SPATA17	ast
KLKB1	ast
RASA2	ast
S1PR1	ast
SLC14A2	ast
CCDC37	ast
EYA1	ast
EXD1	ast
C21ORF62	ast
GABRA2	ast
GRAMD3	ast
FAT1	ast
METTL11B	ast
CLYBL	ast
TSPAN7	ast
GYS1	ast
ASPG	ast
SERPINE2	ast
FAM167A	ast
SNTA1	ast
ZHX3	ast
EVC	ast
FBXO2	ast
DECR1	ast
CCDC80	ast
MSI1	ast
ALDH6A1	ast
CYBRD1	ast
FUT9	ast
HSDL2	ast
SKIDA1	ast
UCP3	ast
ARL6IP6	ast
FGFBP3	ast
TFAP2C	ast
PAQR7	ast
FICD	ast
GPR156	ast
DAG1	ast
ASAP2	ast
TMEM82	ast
SDS	ast
HHATL	ast
OPLAH	ast
FRMPD1	ast
DZIP1L	ast
CNTFR	ast
SASH1	ast
DCLK2	ast
AMT	ast
CHST10	ast
PPARGC1A	ast
SLC26A6	ast
NAAA	ast
IQUB	ast
ADD3	ast
TFCP2L1	ast
COL16A1	ast
GSTM1	ast
ZNF521	ast
VEGFA	ast
PACRG	ast
SPIRE1	ast
SLC41A1	ast
WASF3	ast
ECHDC3	ast
CRB1	ast
FAM163A	ast
DMP1	ast
WNT7A	ast
ARHGAP5	ast
ACSF2	ast
DDIT4L	ast
ACBD7	ast
ACOX2	ast
LFNG	ast
SLITRK2	ast
FAM213A	ast
GDF10	ast
RAB30	ast
PROCA1	ast
PFKM	ast
ZFYVE21	ast
PLOD2	ast
DOCK7	ast
C2ORF82	ast
HMGN3	ast
TMEM218	ast
MYOM3	ast
GNA14	ast
TMEM164	ast
AXDND1	ast
GJB2	ast
PTAR1	ast
TEKT5	ast
NEK8	ast
PARD3B	ast
MEGF10	ast
VNN1	ast
SLC25A33	ast
SYNE1	ast
RFX3	ast
SMO	ast
SMOX	ast
SUGCT	ast
DNAH7	ast
POLR3H	ast
NFIA	ast
CROT	ast
GRAMD4	ast
PER3	ast
NHSL1	ast
C4A	ast
SLC22A4	ast
CD38	ast
DNAH12	ast
VEPH1	ast
PMM1	ast
LSAMP	ast
KCNG4	ast
CBR3	ast
ACP6	ast
KIAA1210	ast
SALL2	ast
AXL	ast
MEIS2	ast
HIBCH	ast
SPATA3	ast
FUT10	ast
FIRRE	ast
LHCGR	ast
ETV4	ast
PAQR6	ast
ZBTB20	ast
DPY19L3	ast
CRB2	ast
CHPT1	ast
CSGALNACT1	ast
CDH2	ast
GABBR1	ast
PBX1	ast
BIRC7	ast
GLYCAM1	ast
NAV2	ast
SERHL2	ast
OAT	ast
EFHB	ast
CTNND2	ast
PTX3	ast
LRRC23	ast
SNCAIP	ast
LTBP1	ast
SOX21	ast
GSTM3	ast
DENND1A	ast
CERS1	ast
PTPN13	ast
IMPG2	ast
GPM6A	ast
GPR179	ast
PRSS56	ast
ASRGL1	ast
ST6GALNAC5	ast
TOX	ast
GLB1L	ast
POU3F4	ast
ENO1	ast
PNISR	ast
NR1D1	ast
NUDT12	ast
PLIN1	ast
FMO4	ast
SLCO1B3	ast
WDR49	ast
PLA2G3	ast
ATL2	ast
ALDH4A1	ast
WDR63	ast
ADCY2	ast
COLCA2	ast
WFS1	ast
VIT	ast
C9ORF116	ast
SEC14L2	ast
RLBP1	ast
PM20D1	ast
POU3F3	ast
ACSL3	ast
SFXN1	ast
PLCD1	ast
MYH6	ast
DPF3	ast
PTPRZ1	ast
ABCB9	ast
CECR2	ast
CYP2D6	ast
CA8	ast
KIFC3	ast
SFRP5	ast
SIX5	ast
ITSN1	ast
SOHLH2	ast
PCDHGA3	ast
SHPK	ast
LRRC8A	ast
SLC6A1	ast
NRCAM	ast
SPATA1	ast
NR2F1	ast
C20ORF96	ast
KCTD15	ast
DMD	ast
MTHFD1	ast
CSPG5	ast
LDHD	ast
ZIC5	ast
UGT1A3	ast
IGFBP2	ast
SYBU	ast
SLC39A11	ast
GLUL	ast
TMPRSS7	ast
TOM1L1	ast
RECQL5	ast
SORBS1	ast
HADHB	ast
RCN2	ast
SLC18B1	ast
CEP85L	ast
CCNL2	ast
FAM228A	ast
C20ORF173	ast
PDP2	ast
BAALC	ast
MGLL	ast
GPR143	ast
IFT27	ast
ARSJ	ast
PPP1R3D	ast
SRPX	ast
LGALS4	ast
TCTN1	ast
SARDH	ast
MTSS1L	ast
KLHDC7A	ast
KIAA1755	ast
DCHS2	ast
PAFAH2	ast
ODF3L1	ast
CDH10	ast
ELF5	ast
PRRX2	ast
RFTN2	ast
ELMO2	ast
MCUR1	ast
GGNBP1	ast
TPCN1	ast
TECTB	ast
MUT	ast
RPL17-C18ORF32	ast
PFKFB1	ast
PCDHGB5	ast
IMPA2	ast
TMEM129	ast
GPR87	ast
ACAA2	ast
TMEM229A	ast
CAPN2	ast
FZD7	ast
DOK7	ast
MAP3K19	ast
PHKB	ast
ATF7	ast
ASTN1	ast
DKK3	ast
AGPAT5	ast
GPRC5D	ast
MPP6	ast
ACKR4	ast
SYCP3	ast
HES5	ast
NR1H3	ast
POU2F1	ast
MTTP	ast
BBS10	ast
MBOAT2	ast
TMIE	ast
HPSE2	ast
MROH7	ast
TEKT1	ast
PHGDH	ast
IGDCC3	ast
SNORA20	ast
INHBB	ast
WBP2NL	ast
GAN	ast
ZNF438	ast
MOXD1	ast
SPON1	ast
EVC2	ast
FERMT2	ast
PSPH	ast
TMEM161B	ast
FAM227B	ast
MSMO1	ast
GCDH	ast
RNU6-261P	ast
SUMF2	ast
ODF3	ast
HOGA1	ast
TCF7L2	ast
ELOVL5	ast
MKS1	ast
EGF	ast
ZBTB7C	ast
DBT	ast
HS2ST1	ast
SLC25A21	ast
MTMR1	ast
AGBL2	ast
DOLK	ast
SESN3	ast
PARP3	ast
RASSF10	ast
ITM2C	ast
RETSAT	ast
ENKUR	ast
PAX4	ast
FAM83B	ast
CKAP5	ast
VANGL2	ast
GRTP1	ast
LENG8	ast
SON	ast
CCNO	ast
WIF1	ast
ABHD10	ast
CUBN	ast
NLN	ast
TTC12	ast
FBXO44	ast
DNALI1	ast
CCDC170	ast
KIF24	ast
C1ORF228	ast
EFHC1	ast
NPAS2	ast
THRSP	ast
MAP7D3	ast
PIGS	ast
GCKR	ast
NRXN1	ast
XRCC2	ast
GADD45G	ast
CTSO	ast
TMEM56-RWDD3	ast
C7ORF57	ast
TM7SF2	ast
KCNA2	ast
GPT	ast
FXYD3	ast
PFKFB2	ast
BCL2	ast
ZNF467	ast
DAAM2	ast
AGFG2	ast
STAG3	ast
TET1	ast
BHMT2	ast
DHX35	ast
MYOC	ast
KMT2C	ast
AMIGO2	ast
FAM210B	ast
LIFR	ast
FARS2	ast
ZNF532	ast
PPP1R32	ast
RDH10	ast
NGEF	ast
MSX2	ast
OVOL1	ast
CLUH	ast
RNF170	ast
PRR5	ast
EFEMP2	ast
SPAG1	ast
C10ORF105	ast
CAT	ast
LINGO4	ast
PCDHGA10	ast
SREBF1	ast
AOX1	ast
TRAF3IP2	ast
LGALS12	ast
CRY2	ast
ABHD1	ast
FSIP2	ast
LPIN1	ast
DBP	ast
PLN	ast
KCNJ10	ast
FAM228B	ast
CREB3L4	ast
ACADM	ast
GNAO1	ast
C8ORF37	ast
TMEM253	ast
CCBL2	ast
PPP2R5A	ast
PYURF	ast
CDHR3	ast
CHST1	ast
ZNF781	ast
TEX11	ast
ZNF423	ast
CSDC2	ast
AMER2	ast
MYO6	ast
SDSL	ast
HS3ST3A1	ast
SLC13A1	ast
ACACB	ast
NFATC4	ast
NEK11	ast
PPP1R42	ast
MALRD1	ast
MCCC1	ast
CCDC78	ast
ETFA	ast
SLC12A4	ast
TNNT3	ast
CR2	ast
PCDHGC3	ast
TBC1D19	ast
SLC35D1	ast
ABCC12	ast
TRPT1	ast
TTYH3	ast
WDR38	ast
APOH	ast
EGFL6	ast
XKRX	ast
EPO	ast
TTLL4	ast
HPDL	ast
TP53I13	ast
TMEM136	ast
HSPB8	ast
MIR568	ast
CBX2	ast
TP53BP2	ast
NSMF	ast
AMER1	ast
PCDH10	ast
PAPLN	ast
CS	ast
XPNPEP3	ast
FAM83A	ast
PCDHGA4	ast
SP5	ast
ZBTB41	ast
NPR2	ast
TP63	ast
MIR208A	ast
SLC25A2	ast
RNF215	ast
ST3GAL4	ast
WDR5B	ast
TRDN	ast
GPC6	ast
PCDHGA12	ast
RGS22	ast
HRNR	ast
BCO1	ast
BOC	ast
MYO10	ast
FAM151A	ast
KREMEN1	ast
TIMP4	ast
TTLL6	ast
EPX	ast
BCKDHB	ast
SLC39A14	ast
SLC25A20	ast
ASPH	ast
LRRC52	ast
EFNA4	ast
AQP1	ast
CYP4V2	ast
MROH6	ast
ZMYND12	ast
ABR	ast
ROPN1B	ast
DHRS11	ast
C10ORF62	ast
TM9SF4	ast
PRSS37	ast
FSD2	ast
GLT8D1	ast
LRRC43	ast
ZNF383	ast
NME9	ast
CCDC176	ast
MALAT1	ast
RSPH14	ast
NEIL1	ast
ZNF446	ast
MIR1258	ast
LRRC58	ast
ELP4	ast
NINL	ast
EVA1A	ast
CC2D2A	ast
BDKRB2	ast
CTNNA2	ast
FAM171A1	ast
MTMR11	ast
CDC42EP4	ast
CA5B	ast
PIFO	ast
PYGM	ast
LRTOMT	ast
PCDHGC5	ast
BMP1	ast
CYP2J2	ast
PCSK9	ast
TEX12	ast
PHEX	ast
GOLGA1	ast
RGN	ast
LDHB	ast
PTPN9	ast
FBLN1	ast
SPATA18	ast
THBS4	ast
ZNF775	ast
COL5A3	ast
LINS	ast
ENTPD6	ast
SCN11A	ast
IL9	ast
ALDH5A1	ast
SLC26A5	ast
ACOX1	ast
FZD10	ast
IDH2	ast
TMEM51	ast
PANK1	ast
AIFM1	ast
OLAH	ast
COLQ	ast
FAM179A	ast
CAMKMT	ast
KCNJ16	ast
CTDSPL	ast
C12ORF40	ast
NKX1-2	ast
USP19	ast
AMIGO3	ast
ADAMTSL5	ast
RNA5SP36	ast
USP40	ast
RORA	ast
UPK3BL	ast
LIN52	ast
PROM2	ast
MST1	ast
YAP1	ast
PTCH2	ast
DYNC2H1	ast
ABCD4	ast
C17ORF78	ast
SLC25A35	ast
FAM187A	ast
ACADVL	ast
APOC3	ast
REPIN1	ast
PTN	ast
PDLIM4	ast
CECR5	ast
TMPRSS3	ast
TNNI3	ast
UBR5	ast
LIPT1	ast
TGFBR3L	ast
C14ORF93	ast
PCDHGB7	ast
HNF4G	ast
CAPS2	ast
CCND2	ast
ACOT1	ast
PRSS45	ast
GRIFIN	ast
RNU1-20P	ast
RSG1	ast
COX7B2	ast
PAX9	ast
AASDH	ast
SLC29A2	ast
SPEF2	ast
CCDC60	ast
PRNP	ast
TMEM53	ast
CNN1	ast
TRAK1	ast
SULT6B1	ast
KCNJ13	ast
SNORD8	ast
NEK5	ast
CRB3	ast
GDF11	ast
VGLL2	ast
ELMOD3	ast
RHOBTB3	ast
FAM83H-AS1	ast
ACSBG2	ast
SNORD6	ast
GPC2	ast
CTF1	ast
GCSH	ast
HIST1H1T	ast
FOXR2	ast
THAP6	ast
RHBG	ast
OR8K3	ast
LINC00935	ast
TRIM29	ast
C6ORF163	ast
AQP7	ast
SPRY2	ast
DDT	ast
SOX1	ast
FZD8	ast
HNF1A	ast
ANK2	ast
MROH8	ast
TEX9	ast
FSBP	ast
SNORA16A	ast
ACSM3	ast
RPAP2	ast
C2ORF50	ast
ZNF641	ast
KLHL25	ast
IMPA1	ast
KATNAL2	ast
AGPAT3	ast
SMPD2	ast
IGSF11	ast
FOXN4	ast
SLC25A53	ast
FNDC4	ast
CGRRF1	ast
AVIL	ast
MICALL2	ast
RRS1	ast
SLC8B1	ast
IL17D	ast
MALSU1	ast
RNU6-1068P	ast
SUOX	ast
CDH4	ast
WNK2	ast
AADAT	ast
FASTKD1	ast
CPEB4	ast
NAT8L	ast
FGG	ast
CPT1B	ast
RXFP2	ast
CAPN9	ast
TTC16	ast
ATP4A	ast
CHRDL2	ast
RN7SKP64	ast
PRKAG3	ast
MRVI1	ast
TMEM170B	ast
TMED8	ast
ZNF2	ast
TSHR	ast
METTL7B	ast
TMC1	ast
EFCAB12	ast
BMP7	ast
RNU6-145P	ast
GON4L	ast
APOLD1	end
EMCN	end
SDPR	end
PTPRB	end
CDH5	end
SLC38A5	end
TM4SF1	end
NOSTRIN	end
CYYR1	end
MECOM	end
MYCT1	end
CLDN5	end
ERG	end
ABCB1	end
ICAM2	end
FN1	end
ESAM	end
ATP10A	end
VWF	end
CD34	end
PODXL	end
SLC19A3	end
FLT1	end
TBX3	end
HMCN1	end
ITM2A	end
TEK	end
ITGA1	end
TIE1	end
ADCY4	end
CLIC5	end
ANXA1	end
OCLN	end
PALMD	end
SEMA3G	end
ABCG2	end
ROBO4	end
SLC16A4	end
SLC52A3	end
SOX7	end
SHE	end
CA4	end
EBF1	end
CD93	end
C10ORF10	end
KDR	end
SLC2A1	end
PTRF	end
LEF1	end
HIGD1B	end
FOXF2	end
RGS5	end
SGPP2	end
ARHGAP29	end
MMRN2	end
GATA2	end
SLCO1A2	end
EGFL7	end
HBB	end
CLEC14A	end
KIAA1462	end
IL1R1	end
SOX17	end
FOXF1	end
SLC39A8	end
IFITM1	end
CCM2L	end
HEG1	end
CASQ2	end
ENG	end
ACVRL1	end
RASSF9	end
ZIC3	end
SLC7A5	end
USHBP1	end
TNFSF10	end
BSG	end
EDN3	end
ECM1	end
NOS3	end
ANXA2	end
ASPN	end
TMEM204	end
BCL6B	end
IGFBP7	end
FOXC1	end
SLFN5	end
FOXQ1	end
FAM101B	end
OSMR	end
TMEM252	end
UACA	end
CXORF36	end
RAMP2	end
CYSLTR2	end
DLL4	end
PECAM1	end
PGLYRP1	end
LRRC32	end
HRCT1	end
COBLL1	end
SLC22A8	end
ACER2	end
SIGIRR	end
IFI44	end
MYH11	end
COL4A1	end
TDRP	end
FLVCR2	end
ANXA3	end
PROM1	end
PROSER2	end
TINAGL1	end
SELE	end
HSPA12B	end
NID1	end
SOX18	end
LINC00961	end
SLC7A1	end
EPAS1	end
FAM124B	end
NET1	end
COL4A2	end
IFI27	end
FLT4	end
ECM2	end
CGNL1	end
SLC16A1	end
STAP2	end
ZNF366	end
MYL9	end
CSRP2	end
ACTA2	end
C16ORF89	end
ST8SIA6	end
PAQR5	end
ABCC6	end
VIM	end
AKAP12	end
PEAR1	end
LAMA4	end
AHNAK	end
RBPMS	end
GIMAP6	end
THBD	end
WFDC1	end
MGP	end
MARVELD2	end
RASIP1	end
MYO1B	end
BMX	end
WWTR1	end
ACE2	end
GIMAP8	end
GJA4	end
ETS1	end
UTRN	end
GJC1	end
ARHGEF15	end
VWA1	end
FAM129A	end
GIMAP4	end
KANK3	end
HMGCS2	end
DEGS2	end
ESYT2	end
KCNJ8	end
STRA6	end
CAV1	end
LMNTD1	end
FZD6	end
IGF1R	end
FBLN5	end
C1ORF64	end
PROCR	end
C1ORF54	end
C1ORF115	end
GNG11	end
LSR	end
ITIH5	end
FGD5	end
XAF1	end
CFI	end
AJUBA	end
UNC45B	end
TBX4	end
EDN1	end
TPM4	end
SYNE2	end
DENND3	end
PDGFD	end
COL4A3	end
LY75	end
PPIC	end
TNS1	end
GALNT15	end
RAB11FIP1	end
ANGPT2	end
TRIM16L	end
NOS2	end
ENPEP	end
TGM2	end
MEGF6	end
FXYD5	end
ABCC9	end
CCDC141	end
NDUFA4L2	end
SMOC2	end
SLC35F2	end
PLA1A	end
ARHGEF5	end
SERPINH1	end
ST6GALNAC2	end
PHLDB2	end
NOTCH4	end
IGSF5	end
MSRB3	end
C8ORF4	end
CAV2	end
SNAI2	end
RHOJ	end
ECE1	end
GBP4	end
RNF125	end
BTNL9	end
CAST	end
EFNA1	end
P2RY14	end
GIMAP5	end
SGMS1	end
LTBP4	end
ADH1C	end
BGN	end
SLC6A6	end
SLC38A11	end
TMEM88	end
EHD2	end
ACTN4	end
TNS2	end
GPR4	end
SLC39A10	end
PTGIS	end
APLNR	end
ARL4A	end
NES	end
HBA2	end
FMO2	end
EGFLAM	end
TFRC	end
TAGLN	end
ITGA4	end
ESYT1	end
PRSS23	end
IL2RG	end
CASP12	end
MICA	end
SLC6A12	end
FOXP1	end
DLC1	end
CNGB1	end
FLNB	end
N4BP3	end
ISYNA1	end
KLF2	end
FLNA	end
CLEC1A	end
CALD1	end
RAI14	end
TNFAIP1	end
MALL	end
POLK	end
NXPE2	end
COX4I2	end
GRB7	end
TFPI2	end
PCDH12	end
FHL5	end
ZAP70	end
PGM5	end
TAGLN2	end
RBMS2	end
AFAP1L1	end
PLTP	end
TBXA2R	end
SLC9A3R2	end
KANK4	end
FZD4	end
TFPI	end
GGT1	end
NXN	end
ASB4	end
LNX2	end
TMOD3	end
IRF7	end
SCARF1	end
RASL12	end
CDKN2B	end
MAOA	end
CNN2	end
IQGAP1	end
JAG1	end
RIPPLY3	end
CD151	end
FENDRR	end
CCL21	end
NAMPT	end
FGFBP1	end
SAMD9L	end
NID2	end
APCDD1	end
MADCAM1	end
CXCL12	end
SMTN	end
SLCO2A1	end
SPOCK2	end
RERGL	end
GIMAP7	end
THSD1	end
SMAD6	end
MAGIX	end
TSC22D1	end
GBP6	end
KIF26A	end
SPTBN1	end
TRIM34	end
TMSB10	end
EGFL8	end
MMP25	end
ID1	end
SCGB3A1	end
VSIG2	end
ISM1	end
ABLIM1	end
TCF7	end
DAB2IP	end
FAM110D	end
CRIP2	end
FILIP1	end
PRKD2	end
RTP4	end
CA5A	end
SLC30A1	end
MSX1	end
PCDH1	end
KLF11	end
KCNQ1	end
SHROOM1	end
EOGT	end
UBE2L6	end
SP100	end
ST6GALNAC1	end
SERTAD1	end
BMPR2	end
SORBS2	end
PRX	end
PDE4C	end
DDX58	end
MATN3	end
HYAL2	end
RHOC	end
OR51E1	end
NOTCH3	end
LRP8	end
MFSD2A	end
CD320	end
IFIH1	end
MYLK	end
SCARB1	end
ATP10D	end
TECRL	end
CD248	end
NOD1	end
CXCL2	end
MYL12A	end
EDNRA	end
RASD1	end
CFH	end
MT-TF	end
PPFIBP1	end
DOCK6	end
TIMP1	end
S100A10	end
DENND2C	end
SLC5A6	end
IFIT1B	end
USP18	end
TBX15	end
PLS3	end
GPER1	end
DSP	end
STC1	end
KIAA0040	end
RHOD	end
A4GALT	end
CMTM8	end
STEAP4	end
GPIHBP1	end
HSPB1	end
LAMB2	end
TMEM154	end
PTPRG	end
CYTH3	end
SLC31A1	end
ADORA2A	end
RSU1	end
CD40	end
S1PR3	end
SIK1	end
AOC3	end
HSPG2	end
PGF	end
PSMA8	end
CTNNB1	end
KIAA0355	end
IFI35	end
TRPM6	end
SNORD35B	end
VANGL1	end
MT-TV	end
AKAP2	end
LAMC1	end
PKN3	end
EMP1	end
CCL19	end
MYL6	end
CSF3	end
TES	end
RRAS	end
FLI1	end
YBX3	end
NRP1	end
FOXL2	end
VIL1	end
G6PC	end
BPIFB1	end
SOX13	end
TPM2	end
SYT15	end
KLF4	end
PLK2	end
JAG2	end
C1QTNF9	end
TRIM56	end
LAMA5	end
BAMBI	end
NODAL	end
HELZ2	end
VAMP5	end
TEAD4	end
ATP2A3	end
EPHB4	end
GRB10	end
SLC16A2	end
RASGRP2	end
CES2	end
CTSW	end
ADM	end
SYDE1	end
MKL2	end
PHACTR2	end
ARHGAP18	end
XDH	end
CDC45	end
STARD13	end
NOTUM	end
SH2D3C	end
MPP7	end
GIMAP1	end
PDE5A	end
NOX4	end
TBC1D4	end
CRIM1	end
DACH1	end
AGRN	end
CRACR2B	end
PRKCH	end
BCAM	end
PTPRM	end
LEPR	end
CCDC125	end
MIR143HG	end
SHROOM4	end
ODF3B	end
LY6E	end
RTP3	end
SECTM1	end
CTGF	end
CR1L	end
PARVB	end
GPRC5A	end
PTH1R	end
CD109	end
DBH	end
TBX2	end
FRZB	end
TBX1	end
MEOX1	end
SYNPO2	end
CLEC2A	end
EPHX3	end
SHANK3	end
LAYN	end
CNOT6L	end
SULT1B1	end
GJA5	end
CRIP1	end
TDGF1	end
FAM43A	end
MLKL	end
CXCL11	end
DYSF	end
PAWR	end
CARD10	end
ANPEP	end
VAT1	end
OMD	end
ZBTB10	end
ANKRD37	end
GPRC5C	end
ISG15	end
SLC6A20	end
PML	end
PLCB4	end
GCNT2	end
TCAF2	end
CEACAM1	end
PRND	end
EXOC6	end
S100A11	end
IFNAR1	end
TEAD2	end
RET	end
SPARC	end
PPM1J	end
KCNE4	end
EPS8L2	end
PLEKHG5	end
ESM1	end
TPM1	end
ZNF503	end
TSPAN18	end
SERPINB6	end
SNRK	end
ST8SIA4	end
C7	end
FRMD6	end
CBFA2T3	end
INSR	end
IRF6	end
DNAH3	end
RPH3AL	end
POMP	end
ADAMTSL2	end
SEPT10	end
GSTT2B	end
FAM60A	end
PTGDR2	end
TGFBR3	end
F2R	end
PLP2	end
STOM	end
IL2RA	end
IL6	end
PLA2G2F	end
IGFBP1	end
ANO1	end
RHOBTB1	end
CD59	end
RASSF3	end
SCN4A	end
SLC40A1	end
CRYBG3	end
PTPRK	end
AGTRAP	end
PIR	end
FCHO2	end
ABCA4	end
SAV1	end
KCP	end
MPRIP	end
B3GNT2	end
RPL38	end
SEBOX	end
TRAM2	end
OR51E2	end
RSAD2	end
VEGFC	end
NHSL2	end
IFI44L	end
TAX1BP3	end
C20ORF196	end
MT-TS2	end
GALNT18	end
CLIC6	end
MUC13	end
TXN	end
TWIST1	end
ANXA7	end
TAP1	end
FRY	end
CYP39A1	end
MOSPD1	end
C2CD2	end
CEBPD	end
SP1	end
EXOC3L1	end
RNF19A	end
TMEM123	end
SOS1	end
SLC43A3	end
PDLIM1	end
PLXND1	end
ID3	end
YES1	end
NMI	end
AP3S1	end
SOCS2	end
MPZL1	end
BNIP2	end
IL27RA	end
HIPK3	end
SGMS2	end
IMPDH1	end
TGFB1I1	end
MYH9	end
NLRC3	end
SEMA7A	end
ITGB1	end
SMAGP	end
IRX3	end
ARAP3	end
MRPL1	end
GNG5	end
DDX47	end
LHFP	end
RPL41	end
MX1	end
CDA	end
NPR1	end
TTN	end
PSME2	end
CPNE8	end
GABRE	end
SELP	end
ITPR3	end
RBMS1	end
CLDN6	end
MUSTN1	end
COL7A1	end
TMEM2	end
STARD8	end
ACE	end
WEE1	end
STK38	end
GRP	end
ACTN1	end
CSRNP1	end
DNAH6	end
ECSCR	end
HES1	end
KCNJ15	end
SPATA6	end
LMNA	end
C18ORF54	end
HILPDA	end
AMPD1	end
CD55	end
MYOCD	end
HSPB2	end
ALPL	end
STK3	end
NBEAL1	end
LMO2	end
LZTS1	end
RAD54B	end
TNFAIP8L1	end
DNASE1L1	end
SULT1C2	end
FAM65A	end
GOLIM4	end
FAM162B	end
SMCO4	end
REM1	end
GPCPD1	end
PDGFRB	end
A3GALT2	end
AQP11	end
GADD45A	end
SLC16A11	end
GATA3	end
TRIM6	end
CDKN1C	end
ZNF597	end
TRGC1	end
VGLL3	end
PMAIP1	end
UPB1	end
LOXL2	end
DDX60	end
DRAM2	end
ELF2	end
GIPC3	end
PSORS1C2	end
ZNF362	end
NKD1	end
PRELID2	end
RPS7	end
PTGES	end
MT-TE	end
MANSC1	end
PLEKHG2	end
HBE1	end
MT-TK	end
NKD2	end
ADAMTS12	end
CRYBB3	end
FAM129B	end
CDC42EP3	end
DOK4	end
SHFM1	end
T	end
PDCL3	end
TNK1	end
COL28A1	end
HYAL1	end
CAPN12	end
RALB	end
GGT5	end
AVPR1A	end
SEMA3C	end
SHISA5	end
FOXS1	end
RPS6KA2	end
TBC1D2	end
WNT5B	end
PTPN12	end
PVRL2	end
IRGM	end
ARHGAP42	end
KANK2	end
IPO11	end
CCDC68	end
BATF2	end
DOCK9	end
PYGO2	end
RNF213	end
GPC3	end
GLYATL3	end
MT-ATP8	end
E2F7	end
HPCAL1	end
CYR61	end
TPK1	end
FAIM	end
CDK2	end
GRK5	end
UBE2S	end
ITGA11	end
WBSCR27	end
TJP1	end
TCEA3	end
TRIP10	end
ADAMTS9	end
MT-TR	end
SYNM	end
RPL35	end
TNKS1BP1	end
ZBTB38	end
STARD6	end
C17ORF67	end
GCH1	end
ING1	end
ANO6	end
PCK1	end
ANAPC10	end
DES	end
CREM	end
TRIM69	end
CALU	end
PTP4A3	end
LAMB1	end
UQCC3	end
LCN2	end
RBPMS2	end
TNXB	end
CD2AP	end
MYO1C	end
MT-TQ	end
CDKN1A	end
IRF9	end
EPHA2	end
ADAMTS10	end
TMEM256-PLSCR3	end
TMTC1	end
FOXL1	end
PSME1	end
RNF144B	end
SMCO2	end
HLA-G	end
NOC3L	end
SLC9A4	end
ALAS1	end
RIPK1	end
PCDH18	end
LATS2	end
MOB2	end
KCNE3	end
GRASP	end
RECK	end
COL14A1	end
GSTA4	end
FAM122C	end
EPOR	end
SEMA4C	end
VCL	end
EVA1C	end
GATSL3	end
TBX18	end
CTNNA1	end
ABHD14B	end
IL18R1	end
PARP14	end
IL17RD	end
ACTG2	end
OLFML2A	end
TNFRSF10B	end
TMIGD1	end
MYL12B	end
LDLRAD3	end
SRMS	end
RNF185	end
COLEC12	end
RAB13	end
SAYSD1	end
RELL1	end
IL15	end
ADAR	end
SPECC1L	end
RP1L1	end
RD3	end
CKMT2	end
SLC25A24	end
HDAC7	end
EIF2AK2	end
CPA1	end
HHAT	end
C1R	end
XIAP	end
MAP4K2	end
SNAI1	end
SLC52A2	end
HIC1	end
AMDHD1	end
CALCRL	end
BNIPL	end
OST4	end
SLC12A7	end
SLC30A7	end
F2RL3	end
TRAV23DV6	end
CES1	end
SLC22A2	end
LINC01420	end
RAB42	end
ZBTB46	end
MCF2L	end
WDR92	end
CLEC1B	end
SLC22A18	end
DYNLT3	end
NAGS	end
TSPAN9	end
MYOF	end
TUBB	end
NEURL2	end
RARRES2	end
CLCNKA	end
MAPK12	end
ANTXR2	end
GPR20	end
ST3GAL1	end
RNF183	end
SUSD2	end
KCTD9	end
FAM71A	end
OSBPL9	end
FNDC3B	end
CENPP	end
ATOX1	end
PYHIN1	end
PROP1	end
OR2V1	end
PKHD1	end
NTAN1	end
OGN	end
KIAA0391	end
SERF2	end
BANF1	end
C14ORF180	end
RNU6-490P	end
CYP8B1	end
SPTAN1	end
TMEM140	end
PPAPDC2	end
MYZAP	end
CTNND1	end
MT-TG	end
SUZ12	end
LRRC17	end
FBXO39	end
PTEN	end
RNA5SP111	end
OSTC	end
MT-TD	end
PALM	end
ABHD2	end
ITPR1	end
RPS5	end
AIM1	end
FAM187B	end
TCF23	end
ZNF764	end
NSMCE1	end
ABO	end
UBALD2	end
ZNF354A	end
MIR150	end
BAG2	end
PLEC	end
RYBP	end
IZUMO1	end
SRGN	end
SIX1	end
EDAR	end
RP1	end
THSD4	end
TSC22D3	end
MARCH2	end
PDLIM7	end
ITGA6	end
OR2AT4	end
LRG1	end
LIPC	end
IL17RE	end
TRPC3	end
CAPNS1	end
SH3D21	end
LALBA	end
SPATA25	end
KRTAP9-4	end
SIN3A	end
CTBS	end
TRABD2B	end
KIAA1671	end
BST2	end
GNAI2	end
TOPORS	end
BCL2L10	end
SPON2	end
MMRN1	end
NLRC5	end
SLC19A1	end
SIVA1	end
NTS	end
CHMP3	end
TMEM45B	end
TANC1	end
SPESP1	end
TIMP3	end
AXIN2	end
RPL34	end
MFSD6L	end
FOSL2	end
SLC25A39	end
WWC2	end
MXRA7	end
PTPN14	end
MTUS1	end
FMO3	end
PPBP	end
HEYL	end
DHH	end
KIAA1429	end
ART3	end
RNU6-646P	end
PARP9	end
ZHX1	end
CLCA2	end
FBLN2	end
VCAM1	end
MOCOS	end
MYADM	end
LY6G5C	end
ZNF101	end
LYPD2	end
RHOA	end
WEE2	end
PKIG	end
KRTAP9-6	end
HAPLN3	end
CCL3	mic
CCL4	mic
CD14	mic
C1QB	mic
IL1A	mic
TREM2	mic
GPR183	mic
CD83	mic
SLC2A5	mic
C1QC	mic
NCKAP1L	mic
CSF1R	mic
CD300A	mic
FCGR2A	mic
LAPTM5	mic
HAVCR2	mic
C3AR1	mic
CX3CR1	mic
PTAFR	mic
C1QA	mic
FCGR1A	mic
SELPLG	mic
PLEK	mic
CTSS	mic
CSF3R	mic
TYROBP	mic
SLA	mic
PTPN6	mic
TLR2	mic
CD86	mic
GPR84	mic
LYZ	mic
MPEG1	mic
BCL2A1	mic
ITGAM	mic
CD53	mic
IRF8	mic
IL10RA	mic
GPR34	mic
AIF1	mic
CD74	mic
PTPRC	mic
RHOH	mic
BLNK	mic
TLR1	mic
C5AR1	mic
FCER1G	mic
DOCK2	mic
RGS1	mic
ALOX5AP	mic
P2RY12	mic
MRC1	mic
CLEC4A	mic
HPGDS	mic
DOCK8	mic
FYB	mic
FAM105A	mic
IKZF1	mic
TNF	mic
PLD4	mic
NCF1	mic
LY86	mic
CD84	mic
LPCAT2	mic
VAV1	mic
HEXB	mic
PARVG	mic
CXCL16	mic
ITGB2	mic
P2RY13	mic
PIK3R5	mic
TLR7	mic
TMEM119	mic
NLRP3	mic
TBXAS1	mic
THEMIS2	mic
IL16	mic
SUSD3	mic
IGSF6	mic
APBB1IP	mic
C10ORF128	mic
HCK	mic
SASH3	mic
MAFB	mic
CCL15-CCL14	mic
LCP2	mic
NCF4	mic
LCP1	mic
LAT2	mic
SYK	mic
TGFBR1	mic
CCR2	mic
PIK3AP1	mic
RUNX1	mic
FGD2	mic
LPXN	mic
HK2	mic
CD180	mic
LST1	mic
MYO1F	mic
SLC11A1	mic
LRMP	mic
IRF5	mic
FERMT3	mic
SPI1	mic
RBM47	mic
CD68	mic
CYTH4	mic
RGS10	mic
HCLS1	mic
NCF2	mic
PIK3CG	mic
P2RY6	mic
ITGAX	mic
ADORA3	mic
ARHGAP30	mic
IL1B	mic
C1ORF162	mic
WDFY4	mic
NFKBID	mic
NRROS	mic
HLA-DMB	mic
SIGLEC7	mic
SLC15A3	mic
DENND1C	mic
INPP5D	mic
PLCB2	mic
REL	mic
CD37	mic
ABCC3	mic
LGMN	mic
CCL2	mic
SAMSN1	mic
KCTD12	mic
SKAP2	mic
GNA15	mic
RAC2	mic
LAIR1	mic
CCRL2	mic
HK3	mic
TNFRSF13B	mic
ARHGAP25	mic
PLAU	mic
LILRB4	mic
PYCARD	mic
ADAP2	mic
BIN2	mic
GRN	mic
CASS4	mic
ELF4	mic
BATF3	mic
FCGR2B	mic
CSF2RB	mic
IL6R	mic
HLA-DMA	mic
LYN	mic
OSM	mic
MS4A6E	mic
MLXIPL	mic
NFAM1	mic
EBI3	mic
UNC93B1	mic
RAB3IL1	mic
C15ORF39	mic
FCGR3A	mic
LRRC25	mic
PDE3B	mic
C5AR2	mic
CCR1	mic
HCAR2	mic
GLIPR1	mic
PSD4	mic
ABI3	mic
CH25H	mic
FOLR2	mic
NAIP	mic
CRYBB1	mic
MS4A4A	mic
ARHGDIB	mic
TIFAB	mic
CXORF21	mic
SLC37A2	mic
CMTM7	mic
POU2F2	mic
BTK	mic
PILRA	mic
P2RX4	mic
MILR1	mic
RNASE4	mic
TNFAIP8L2	mic
CYBB	mic
MSR1	mic
EGR2	mic
MS4A7	mic
C3	mic
PTGS1	mic
HLA-DRB1	mic
LTC4S	mic
CORO1A	mic
DAGLB	mic
CD48	mic
RNASE6	mic
EDEM1	mic
RPS6KA1	mic
IER5	mic
NEURL3	mic
TNFRSF11A	mic
IGHM	mic
GMFG	mic
CD163	mic
CD52	mic
HLA-DOB	mic
ARL11	mic
SLC7A7	mic
GMIP	mic
LPAR5	mic
STAB1	mic
CTSC	mic
LYVE1	mic
FPR1	mic
WAS	mic
TRAF3IP3	mic
RASSF5	mic
ARRB2	mic
PLA2G15	mic
RASAL3	mic
FGL2	mic
SLAMF9	mic
CTSB	mic
CASP1	mic
ITGB5	mic
PLXDC2	mic
ZFHX3	mic
ARHGAP4	mic
MKNK1	mic
NPL	mic
LSP1	mic
CMTM6	mic
PDGFB	mic
LAG3	mic
OLFML3	mic
FCRL1	mic
CRYBA4	mic
TMEM106A	mic
TRIB1	mic
GNS	mic
TLR5	mic
TNFSF18	mic
CCDC88B	mic
TCOF1	mic
IL1RN	mic
SH2B3	mic
TNFRSF1B	mic
CTSZ	mic
HCST	mic
DOK3	mic
CD80	mic
PLEKHO1	mic
RGS2	mic
SCIMP	mic
UCP2	mic
KCNK6	mic
MYO1G	mic
IL17RA	mic
DHRS9	mic
COTL1	mic
HPGD	mic
ARHGAP9	mic
MAN2B1	mic
CEBPA	mic
KLHL6	mic
DAPP1	mic
MYLIP	mic
RIN2	mic
CLEC5A	mic
IL4R	mic
GDF15	mic
HVCN1	mic
MAF	mic
IFNGR1	mic
IRAK2	mic
TLR9	mic
F13A1	mic
CARD9	mic
IFI30	mic
NABP1	mic
AIM2	mic
CLEC7A	mic
GCNT1	mic
PPP1R3B	mic
CYSLTR1	mic
RAB32	mic
IL21R	mic
SLC25A45	mic
TAGAP	mic
CDH23	mic
RNF19B	mic
VSIG4	mic
SRGAP2B	mic
CTSD	mic
FKBP5	mic
HLA-DQA1	mic
HLA-DOA	mic
UBA7	mic
TLR4	mic
SGK1	mic
ANG	mic
M1AP	mic
SCAMP2	mic
TMEM173	mic
B4GALT1	mic
MAPKAPK2	mic
ABHD15	mic
SLAMF8	mic
PPCDC	mic
BANK1	mic
PTGER4	mic
LIMD2	mic
MAP2K3	mic
ZC3H12A	mic
CYTIP	mic
MYO18B	mic
GNGT2	mic
TCIRG1	mic
NLRP1	mic
FMNL1	mic
NFKBIZ	mic
ICOSLG	mic
ADRB2	mic
CASP5	mic
C1RL	mic
IL7R	mic
CD4	mic
ASB10	mic
MAN1A1	mic
GP9	mic
APOBEC1	mic
NFKBIE	mic
CD300LB	mic
SLC15A4	mic
AKNA	mic
TFEC	mic
IRF4	mic
PF4	mic
ATP8B4	mic
C17ORF99	mic
LILRA1	mic
PRKCD	mic
MYC	mic
RASA4B	mic
TM6SF1	mic
MS4A14	mic
PLCG2	mic
SPHK1	mic
PIK3CD	mic
MYBPC3	mic
CYB561A3	mic
SNX29	mic
OLR1	mic
CD300LF	mic
CAPN3	mic
RAB20	mic
CLEC10A	mic
ADCY7	mic
UHRF1BP1	mic
SIGLEC1	mic
CCL24	mic
TOR4A	mic
VAMP8	mic
STAT6	mic
SMAP2	mic
ANGPTL7	mic
SNX20	mic
MB21D1	mic
GPX1	mic
CD300C	mic
MGAT4A	mic
TMEM8C	mic
IFNGR2	mic
SLC17A9	mic
XIRP1	mic
CYFIP1	mic
SLAMF6	mic
EFHD2	mic
STK10	mic
LYL1	mic
TMPRSS4-AS1	mic
SH3TC1	mic
MOB1A	mic
DNASE2	mic
EGR3	mic
SNX5	mic
AOAH	mic
CMKLR1	mic
CLEC6A	mic
RAB39A	mic
GALNT12	mic
SIGLEC10	mic
WASF2	mic
NFKB1	mic
PLAGL2	mic
C10ORF99	mic
CFAP74	mic
MED12L	mic
SLC25A37	mic
ANKRD44	mic
ANKRD22	mic
TGFBI	mic
FAM167B	mic
HS6ST1	mic
MGAT1	mic
GPSM3	mic
ENTPD1	mic
TXNIP	mic
CCR7	mic
PAG1	mic
GPR132	mic
FAM102B	mic
ASB2	mic
GPR157	mic
TNFSF14	mic
CSK	mic
CEBPB	mic
CTTNBP2NL	mic
CYBA	mic
CD164	mic
RAB43	mic
NINJ1	mic
FAM110A	mic
ERMAP	mic
MYO7A	mic
CD209	mic
LRRC3	mic
TGIF1	mic
SMAD3	mic
LHFPL2	mic
TNFRSF17	mic
RRAD	mic
FAM26F	mic
TLR6	mic
CAPZB	mic
LY9	mic
MOB3C	mic
CREG1	mic
HEXA	mic
PTPN18	mic
DQX1	mic
ENO3	mic
NUAK2	mic
GPR65	mic
SMPDL3B	mic
NOD2	mic
EHD4	mic
KDM6B	mic
RGS19	mic
DOK2	mic
ACTB	mic
CCR6	mic
ZNF710	mic
PALD1	mic
IGHD	mic
TPM3	mic
SFT2D2	mic
NUMB	mic
PPP1R18	mic
MAFK	mic
SPATA13	mic
IL12B	mic
IER3	mic
SKI	mic
ADAM17	mic
HMOX1	mic
NFATC1	mic
TLN2	mic
UBAC2	mic
CD300E	mic
UGT1A6	mic
ZCCHC6	mic
NKX3-1	mic
RCOR1	mic
CNPY3	mic
ETV3	mic
DUSP2	mic
SCPEP1	mic
UPK1B	mic
PLAUR	mic
ARAP1	mic
FAM46C	mic
HPS3	mic
ELMO1	mic
IL10	mic
MAP3K14	mic
F9	mic
DOK1	mic
CD36	mic
RAPSN	mic
FHOD1	mic
MYD88	mic
CYP19A1	mic
BCO2	mic
MOB3A	mic
TNFSF8	mic
SPINT1	mic
SERPINE1	mic
BHLHE41	mic
HERPUD1	mic
TRIM14	mic
CBL	mic
ARID3B	mic
USP35	mic
PABPC1	mic
KCND1	mic
SCIN	mic
CAP1	mic
SLCO2B1	mic
TGFB1	mic
ATF3	mic
ATP13A3	mic
STX11	mic
TMEM104	mic
FNDC7	mic
IL1RL2	mic
PTPRJ	mic
TEP1	mic
ABCD1	mic
CPVL	mic
RIPK3	mic
CXCL10	mic
PLXNB2	mic
ITGB3	mic
PRKAB1	mic
DNAJB13	mic
FGR	mic
CARD11	mic
CNDP2	mic
ITGAL	mic
RAB27A	mic
SLC16A3	mic
PLBD1	mic
BID	mic
ITM2B	mic
GBGT1	mic
SLC16A6	mic
CCL22	mic
LIPH	mic
TNFSF15	mic
RNA5SP151	mic
RCC2	mic
MATK	mic
CD79B	mic
GOLM1	mic
IL1R2	mic
FAM83G	mic
CLEC12A	mic
ITPRIPL1	mic
ZFP36	mic
CCL7	mic
CD5	mic
RNASE3	mic
LRRK1	mic
NTPCR	mic
FAIM3	mic
VASP	mic
SALL1	mic
NFATC2	mic
RETNLB	mic
RHBDF2	mic
MBNL1	mic
MSH5	mic
LPIN2	mic
NUAK1	mic
FBLIM1	mic
TSPAN32	mic
KHK	mic
NAB2	mic
FRRS1	mic
RCBTB2	mic
JDP2	mic
CST7	mic
UBASH3B	mic
SPN	mic
ENGASE	mic
TLR8	mic
MEF2A	mic
CYB561D1	mic
MFSD12	mic
KCNA7	mic
UNC13D	mic
CD72	mic
TNFRSF13C	mic
AP1B1	mic
MKL1	mic
CXCR3	mic
SPNS3	mic
BACH1	mic
TAL1	mic
RNF149	mic
RTN4RL1	mic
PTPN1	mic
S100A9	mic
GSG1	mic
FGD3	mic
SLC7A8	mic
TMEM86A	mic
SUN2	mic
REEP4	mic
C19ORF38	mic
BATF	mic
SOCS6	mic
FPR2	mic
TRPV2	mic
NAGLU	mic
MPP1	mic
RPS6KA4	mic
SLFN12	mic
PPP4C	mic
ADAM28	mic
GMEB1	mic
LBX1	mic
STK40	mic
SLC5A10	mic
ZNRF2	mic
FAM46A	mic
STK4	mic
PON3	mic
CD276	mic
SAT1	mic
ZNF385A	mic
TNFAIP3	mic
IRF2BP2	mic
ILDR1	mic
TREM1	mic
SIPA1	mic
HIVEP3	mic
QPRT	mic
HIF1A	mic
PLAC8	mic
BTG1	mic
SERPINF1	mic
CAMK1	mic
GRB2	mic
SH2B2	mic
RREB1	mic
DEPDC7	mic
NCOA3	mic
DUSP27	mic
ABL2	mic
IVNS1ABP	mic
LY96	mic
STAMBPL1	mic
ARRDC5	mic
GPR160	mic
TNNI2	mic
PTPRE	mic
PTPN7	mic
ABCB4	mic
TMC8	mic
S100A8	mic
TMEM156	mic
SKIL	mic
PDCD1	mic
ANO7	mic
HPSE	mic
ZMYND15	mic
PNP	mic
OSBPL11	mic
ZNF691	mic
FRMD4A	mic
TREML4	mic
CAPNS2	mic
CMTM3	mic
SERPINF2	mic
SSH2	mic
COL27A1	mic
C19ORF71	mic
CLTA	mic
MYADML2	mic
AKAP13	mic
TREML2	mic
PACSIN2	mic
ACTR2	mic
CHST14	mic
MAP3K8	mic
YTHDF2	mic
ARHGAP22	mic
BRAP	mic
CFLAR	mic
TREML1	mic
GUCA1A	mic
MMP9	mic
ARMC7	mic
OCSTAMP	mic
SQRDL	mic
TEC	mic
IL27	mic
GGA3	mic
HFE	mic
RIN3	mic
SCARF2	mic
MYL2	mic
CLINT1	mic
RNF145	mic
SLC18A1	mic
TLN1	mic
RILPL2	mic
PSMB8	mic
KNG1	mic
HSPA1A	mic
RNASE10	mic
GIT2	mic
MLPH	mic
MFSD1	mic
MEF2C	mic
GSDMD	mic
H2AFY	mic
ORAI2	mic
CLN8	mic
ZNF335	mic
FAM72A	mic
ALOX5	mic
SLC29A3	mic
ITGAE	mic
LEFTY1	mic
CAMP	mic
IFNB1	mic
FUT4	mic
DHRS3	mic
RPS2	mic
EHBP1L1	mic
CCDC86	mic
KIAA2013	mic
TMEM52B	mic
CDCP1	mic
AKR1B1	mic
STXBP2	mic
NAGPA	mic
SLC11A2	mic
CAPZA2	mic
CD226	mic
CXCL3	mic
PRRG4	mic
BMP2K	mic
LRRC75A	mic
TUBB6	mic
ARPC1B	mic
ASGR2	mic
C10ORF11	mic
FES	mic
TICAM2	mic
GCNT7	mic
TUBB1	mic
ARID3A	mic
RBM38	mic
TMEM52	mic
GAL3ST4	mic
RNU4ATAC	mic
SYTL3	mic
CTSE	mic
IL13RA1	mic
GAPT	mic
IL4I1	mic
MED11	mic
FMNL3	mic
RPTOR	mic
RUNX3	mic
PICALM	mic
SLC2A9	mic
ZNF217	mic
PIK3R1	mic
SLC38A10	mic
MTR	mic
TLCD2	mic
TFE3	mic
ARPC2	mic
CREB3	mic
EGR1	mic
RNF114	mic
PFN1	mic
ELMSAN1	mic
C17ORF62	mic
FEZ2	mic
AFP	mic
NAV3	mic
SH3BP2	mic
CLN5	mic
OTUD1	mic
LILRB2	mic
SIPA1L2	mic
VIS1	mic
QRFP	mic
RASGEF1B	mic
ELF1	mic
CXCR2	mic
HM13	mic
APOA2	mic
NRM	mic
KCNN4	mic
ALDH16A1	mic
AFTPH	mic
WDR81	mic
SPIB	mic
DDX21	mic
TRAPPC6A	mic
H3F3B	mic
COMTD1	mic
DUOXA1	mic
C7ORF43	mic
COMP	mic
TMEM71	mic
PRG2	mic
GNG10	mic
PRR13	mic
ACADS	mic
GAS6	mic
SLAMF1	mic
IFITM10	mic
TNFAIP2	mic
KLK8	mic
THUMPD3	mic
CYP2R1	mic
C1ORF127	mic
RHOB	mic
SLC12A6	mic
ERP29	mic
MIR23A	mic
OGFRL1	mic
NLRC4	mic
TRIM38	mic
P2RX1	mic
EVI2B	mic
KLRD1	mic
ITPR2	mic
CD300LD	mic
SLC9A9	mic
PLA2G4D	mic
OR2B11	mic
NLRP4	mic
MROH1	mic
CARS2	mic
BMF	mic
KYNU	mic
MCEMP1	mic
NRBF2	mic
TOR1AIP1	mic
GRAMD1A	mic
CD69	mic
DUSP6	mic
PLEKHO2	mic
SFMBT1	mic
VDR	mic
ZBTB1	mic
YKT6	mic
PPTC7	mic
TIMD4	mic
HAAO	mic
APOBR	mic
LILRA2	mic
SUCNR1	mic
DCSTAMP	mic
ST6GALNAC4	mic
NDST2	mic
RENBP	mic
RABGEF1	mic
MORC1	mic
RIPK2	mic
MIR27A	mic
TULP2	mic
VMO1	mic
TRPM2	mic
APOBEC3H	mic
C1ORF111	mic
ALG8	mic
APOC2	mic
HPN	mic
ARPC4	mic
MCL1	mic
IRAK3	mic
UBE2F	mic
CITED2	mic
SUSD1	mic
SPP1	mic
VPS18	mic
ZFP36L1	mic
MFSD11	mic
C16ORF54	mic
EVL	mic
ZNF513	mic
ETF1	mic
GNPDA1	mic
CD28	mic
GNA13	mic
GTF2IRD2B	mic
DSE	mic
IGHJ1	mic
P4HA1	mic
PCTP	mic
PTGER1	mic
SP110	mic
HMGXB3	mic
CHSY1	mic
JAK1	mic
ZC3H12D	mic
RAB8A	mic
MARCKS	mic
E2F3	mic
PLA2G2D	mic
LIMK1	mic
BNC2	mic
LGALS9	mic
MED13L	mic
BCL3	mic
CXCR5	mic
TRPM4	mic
ICOS	mic
C20ORF144	mic
CPN1	mic
EMP3	mic
CDT1	mic
ANAPC15	mic
LBX2	mic
IGKC	mic
PLIN2	mic
EPSTI1	mic
TNS4	mic
DDX39A	mic
IRG1	mic
RBPJ	mic
FNIP2	mic
TUBGCP5	mic
FBRS	mic
CFAP45	mic
PRDM1	mic
CLEC4M	mic
FBP1	mic
MTHFD2	mic
SLC39A4	mic
TNFRSF1A	mic
ST14	mic
SLC24A1	mic
VRK2	mic
LTB	mic
RINL	mic
TNFRSF14	mic
CCL5	mic
APOBEC2	mic
SNORA6	mic
MMP12	mic
DGKD	mic
DDX5	mic
M6PR	mic
ARL5C	mic
RNU6-892P	mic
DOCK11	mic
IRAK4	mic
PPARG	mic
TTF2	mic
E2F2	mic
NEAT1	mic
NPC2	mic
CILP2	mic
MFNG	mic
SMURF1	mic
FAM46B	mic
BTG2	mic
PLCL2	mic
HLX	mic
CD101	mic
JMJD1C	mic
SERINC3	mic
CLEC4D	mic
MIR222	mic
TAB2	mic
CHD2	mic
CCR3	mic
AKR1A1	mic
RNASE2	mic
CD79A	mic
MS4A4E	mic
OR5V1	mic
LRBA	mic
IFNE	mic
RAP2B	mic
TBX19	mic
MESDC1	mic
LIPM	mic
UBTD1	mic
FOXP4	mic
PDK1	mic
XCR1	mic
NR0B2	mic
RNF135	mic
HMGA1	mic
SPATA31D3	mic
ACOX3	mic
EDEM2	mic
ALPK2	mic
RGS18	mic
TUBA1C	mic
MYO15B	mic
HSPB3	mic
RELN	neu
VIP	neu
GAD2	neu
TAC3	neu
DLX1	neu
PENK	neu
SYT1	neu
TMEM130	neu
GAD1	neu
SYNPR	neu
STMN2	neu
GABRG2	neu
GPR83	neu
SST	neu
ZMAT4	neu
SNAP25	neu
RAB3C	neu
NELL1	neu
SCG2	neu
SYT4	neu
CNR1	neu
CLSTN2	neu
SPHKAP	neu
KCNQ5	neu
PNOC	neu
ROBO2	neu
KCNC2	neu
GALNTL6	neu
VSNL1	neu
GRIN2A	neu
GABRA1	neu
C8ORF34	neu
CHGB	neu
SRRM4	neu
ZNF804A	neu
KIAA1324	neu
BCL11A	neu
SV2B	neu
HTR3A	neu
NPY	neu
PRMT8	neu
CNTNAP2	neu
GLRA2	neu
SLC12A5	neu
SLC17A6	neu
CRH	neu
GRIA1	neu
GDA	neu
INA	neu
RGS8	neu
CELF4	neu
CDH9	neu
ELAVL2	neu
VSTM2A	neu
MAL2	neu
GRIN2B	neu
CHRM3	neu
NAPB	neu
SLC32A1	neu
C11ORF87	neu
MRAP2	neu
RBFOX1	neu
MYT1L	neu
RAB3B	neu
CALB1	neu
PNMA2	neu
VWC2L	neu
SP9	neu
PGM2L1	neu
MEG3	neu
SYN2	neu
CPNE4	neu
NRIP3	neu
GREM2	neu
PCSK1	neu
SYT13	neu
SCN2A	neu
BCL11B	neu
GPR22	neu
SULT4A1	neu
RXFP1	neu
NYAP2	neu
MAGEL2	neu
KIT	neu
IGF1	neu
RTN1	neu
SYNGR3	neu
LGI2	neu
CCK	neu
DLX6	neu
UCHL1	neu
TRHDE	neu
GPR12	neu
RIMS3	neu
FSTL5	neu
NPAS4	neu
DLX5	neu
FRMPD4	neu
COL25A1	neu
CACNA1B	neu
OLFM3	neu
CALN1	neu
CNTN5	neu
CDH8	neu
NRXN3	neu
DISP2	neu
ZCCHC12	neu
MTUS2	neu
CDH7	neu
CALB2	neu
KCNJ3	neu
SHANK2	neu
NDRG4	neu
CACNA2D3	neu
BSN	neu
FGF13	neu
PPM1E	neu
UBE2QL1	neu
GABRB2	neu
KCNIP4	neu
MARCH4	neu
SERPINI1	neu
MLLT11	neu
RIMBP2	neu
EPHA6	neu
NEUROD6	neu
GAP43	neu
GPR158	neu
ATP1A3	neu
ELMOD1	neu
DYNC1I1	neu
SP8	neu
CAMKV	neu
SYT16	neu
DLX2	neu
GABRA5	neu
L1CAM	neu
GABRG3	neu
KCNS2	neu
SLC10A4	neu
CACNA2D1	neu
CACNG3	neu
SLC2A13	neu
KCTD16	neu
AMER3	neu
VGF	neu
USP29	neu
SV2C	neu
CELF6	neu
CACNG2	neu
SLC7A14	neu
KCNA4	neu
THY1	neu
TRANK1	neu
CKMT1A	neu
CPLX2	neu
PCSK2	neu
PCLO	neu
OLFM1	neu
CNKSR2	neu
STXBP1	neu
OPRK1	neu
CNNM1	neu
FAXC	neu
FGF9	neu
TACR1	neu
CBLN4	neu
COL19A1	neu
HTR2C	neu
ENO2	neu
LINGO2	neu
SVOP	neu
EPHA7	neu
PTHLH	neu
ST8SIA5	neu
YWHAG	neu
KCNH7	neu
GPRASP1	neu
SLC35F4	neu
CELSR3	neu
SCN3B	neu
ENTPD3	neu
SERTM1	neu
DNM1	neu
ARHGAP36	neu
DIRAS2	neu
LANCL3	neu
LRFN5	neu
SYP	neu
NSF	neu
HOOK1	neu
NAP1L2	neu
SYT5	neu
BTBD11	neu
NWD2	neu
CHRM2	neu
NXPH2	neu
NDST4	neu
LAMP5	neu
GRM2	neu
SNAP91	neu
CADPS	neu
CBLN2	neu
PLCXD3	neu
SYNDIG1L	neu
SMIM18	neu
CAMK2B	neu
CAMK1G	neu
CELF5	neu
NPTX1	neu
PRKCE	neu
KCNC1	neu
CPNE7	neu
ST8SIA2	neu
FAM65B	neu
STXBP5L	neu
LHFPL5	neu
KCNIP2	neu
VWC2	neu
MPPED1	neu
SH2D5	neu
WSCD2	neu
FABP3	neu
CDH12	neu
SH3GL2	neu
LONRF2	neu
SNHG14	neu
FRRS1L	neu
PLD5	neu
HPCA	neu
NEGR1	neu
RYR2	neu
GPRASP2	neu
RAB6B	neu
CRHBP	neu
LYPD6B	neu
ATP6V1G2	neu
BMP3	neu
CAMTA1	neu
ZNF804B	neu
RAB3A	neu
CAMK4	neu
PRLHR	neu
SNCA	neu
KIAA1549L	neu
PRKAR1B	neu
GRPR	neu
RSPO3	neu
CDR1	neu
REEP1	neu
CLVS1	neu
CSRNP3	neu
GRIP1	neu
TBR1	neu
DZANK1	neu
SEZ6	neu
ERC2	neu
TP73	neu
CIT	neu
TRIM66	neu
STMN3	neu
BEX1	neu
GDAP1	neu
ASNS	neu
KSR2	neu
TH	neu
SCN2B	neu
TSPYL4	neu
GRM1	neu
SYN1	neu
PLCXD2	neu
KCNB2	neu
NPY1R	neu
NAP1L3	neu
SNCB	neu
RNF165	neu
NELL2	neu
PCDHAC2	neu
SCN8A	neu
SLC6A17	neu
RBFOX3	neu
PRKAA2	neu
COCH	neu
GDAP1L1	neu
CD24	neu
NDNF	neu
TAC1	neu
SLC5A7	neu
ADCYAP1	neu
NBEA	neu
EPHA5	neu
SLITRK4	neu
CPNE5	neu
ARHGAP44	neu
ST8SIA3	neu
PEG3	neu
ELAVL4	neu
SNHG11	neu
CDKL2	neu
SLC4A10	neu
GABRB3	neu
CYP4X1	neu
NAP1L5	neu
MME	neu
ATP2B3	neu
TMEM59L	neu
GNAL	neu
LHX5	neu
ATP2B2	neu
SMIM17	neu
TMEM178A	neu
LPPR4	neu
C10ORF35	neu
GABBR2	neu
NPY2R	neu
UNC5D	neu
RALYL	neu
SLC24A3	neu
AP3B2	neu
HSPA12A	neu
CRMP1	neu
SNRPN	neu
PTPRN2	neu
KCTD8	neu
KCNV1	neu
FBXL2	neu
KCNIP1	neu
KCNJ6	neu
ELOVL4	neu
CLVS2	neu
RAB15	neu
HCN1	neu
SLC6A15	neu
CHAT	neu
NRSN2	neu
IGSF3	neu
HPCAL4	neu
OPRM1	neu
B3GALNT1	neu
ACTL6B	neu
ITGBL1	neu
GOLGA7B	neu
TBC1D30	neu
MAGEE1	neu
TCEAL5	neu
NECAB1	neu
SCG5	neu
KCNK9	neu
PTPRN	neu
HCRTR2	neu
PCDH8	neu
EPHA3	neu
CHRNB2	neu
HCN4	neu
CDKL5	neu
TENM2	neu
IQSEC3	neu
MAP7D2	neu
RAB27B	neu
PTH2R	neu
LPPR3	neu
PDP1	neu
GJD2	neu
SLC35F3	neu
NPTXR	neu
RSPO2	neu
FAM81A	neu
HTR5A	neu
FBXL16	neu
NEUROD1	neu
SLC18A3	neu
ATCAY	neu
GPR26	neu
C5ORF49	neu
THSD7B	neu
AAK1	neu
PLA2G4E	neu
NOS1	neu
RESP18	neu
WBSCR17	neu
GLRA3	neu
ANKRD55	neu
CNRIP1	neu
PLCB1	neu
B4GALT6	neu
FGF14	neu
ANKRD34A	neu
PNCK	neu
NEFL	neu
SGTB	neu
NHLH2	neu
SLC17A8	neu
NECAP1	neu
KCNT1	neu
VASH2	neu
KCNT2	neu
TRPC5	neu
RPS6KA6	neu
PTPN3	neu
ATP1B1	neu
RPH3A	neu
RGS17	neu
RBFOX2	neu
GRIN1	neu
NCDN	neu
TUSC3	neu
PPP3CB	neu
WIPF3	neu
CNTN3	neu
ISLR2	neu
GRIK2	neu
STAT4	neu
KCNMB2	neu
SEPT6	neu
PLEKHA5	neu
BHLHE22	neu
PREPL	neu
SCN9A	neu
ANKRD34C	neu
CRABP1	neu
LHX6	neu
CCDC184	neu
FAM169A	neu
FAM135B	neu
IGFBPL1	neu
ADARB2	neu
GOT1	neu
GNG3	neu
KIAA1211	neu
CHD5	neu
CRYM	neu
MDH1	neu
CDK14	neu
ZWINT	neu
PAK3	neu
NDST3	neu
FGF12	neu
CHN1	neu
NEFM	neu
MAGEE2	neu
SOBP	neu
FRMPD3	neu
ZNF711	neu
RIPK4	neu
CDK5R1	neu
XK	neu
DUSP14	neu
CNTNAP4	neu
RGS7BP	neu
NRN1	neu
KCNH1	neu
MCHR1	neu
NYAP1	neu
GPRIN1	neu
CPLX1	neu
LHX1	neu
NOL4	neu
MAP3K9	neu
SGSM1	neu
KLHL1	neu
KCNAB3	neu
HECW1	neu
SYT14	neu
KRT222	neu
AHI1	neu
KCNAB1	neu
TFR2	neu
PCP4	neu
CCDC148	neu
CEP170B	neu
HS6ST3	neu
USP11	neu
EPHA10	neu
GRIK1	neu
DMTN	neu
C16ORF45	neu
CGN	neu
UNC80	neu
CYB561	neu
ZNF385B	neu
BAG4	neu
ZC2HC1A	neu
UNC5A	neu
FIBCD1	neu
SCGN	neu
ECEL1	neu
KIF5C	neu
ATL1	neu
ZNF483	neu
THSD7A	neu
FBXW7	neu
AJAP1	neu
CCKBR	neu
SYT10	neu
NDN	neu
TMEM151B	neu
ACHE	neu
JPH4	neu
ERICH3	neu
CNIH3	neu
AP1S2	neu
LIN28B	neu
JPH3	neu
CLSTN3	neu
GALNT14	neu
ATP6V1A	neu
LYSMD4	neu
BEND6	neu
TUBB3	neu
MAP2	neu
GRIP2	neu
LRTM1	neu
SCAI	neu
LHX9	neu
GDF5	neu
MAP9	neu
PRKAR2B	neu
DLG3	neu
NOV	neu
L3MBTL1	neu
RAB26	neu
ADCY1	neu
ABCC8	neu
CREG2	neu
SHISA9	neu
NXPH4	neu
DPYSL5	neu
SLC7A4	neu
RIT2	neu
AP3M2	neu
JAKMIP1	neu
RPP25	neu
NTRK1	neu
BAIAP3	neu
PGBD5	neu
IL1RAPL2	neu
NOS1AP	neu
RGS4	neu
FNDC9	neu
KCNA3	neu
FAM163B	neu
TCERG1L	neu
UBE2V2	neu
MYH8	neu
SRRM3	neu
ZDBF2	neu
C1ORF216	neu
TMX4	neu
DOC2A	neu
MAP1B	neu
CACNA2D2	neu
FAM78B	neu
PPP3CA	neu
PHYHIP	neu
TTC3	neu
PROKR2	neu
EFNA5	neu
PAQR9	neu
AFF2	neu
CORT	neu
RUNX1T1	neu
CAP2	neu
VAMP2	neu
TRPC4	neu
PACSIN1	neu
RUSC1	neu
ARPP21	neu
ERBB4	neu
PITPNM3	neu
EFNA3	neu
SLIT1	neu
NEUROD2	neu
KLC1	neu
NRSN1	neu
FSTL4	neu
ASIC2	neu
GNG2	neu
FBXO41	neu
PDE4A	neu
YWHAH	neu
AFF3	neu
MICU3	neu
RBM24	neu
AR	neu
SLC17A7	neu
UBE3A	neu
KCNQ2	neu
PNMAL1	neu
SLC38A1	neu
CHAC1	neu
MACROD2	neu
MIR124-2HG	neu
RNF207	neu
SNX10	neu
SCN7A	neu
SYT7	neu
LHX8	neu
EPHB6	neu
GRM7	neu
UBAP1L	neu
ANKRD45	neu
NME1	neu
CTXN2	neu
KIAA0513	neu
DKKL1	neu
BARHL2	neu
THRB	neu
CCL27	neu
STX1B	neu
B3GALT2	neu
CELF3	neu
STX1A	neu
NUMBL	neu
EML5	neu
TRIM37	neu
DDX25	neu
SEMA3A	neu
GPR149	neu
CNTN4	neu
FBLL1	neu
SS18L1	neu
GUCY1A2	neu
REPS2	neu
WASF1	neu
CIDEA	neu
SSTR2	neu
GSPT2	neu
HRK	neu
PTPN5	neu
CFAP69	neu
RAB9B	neu
CHRNA2	neu
DIRAS1	neu
PAK6	neu
SLC25A22	neu
CORO6	neu
PPARGC1B	neu
SERP2	neu
CLSTN1	neu
HTR7	neu
PDE11A	neu
CPNE9	neu
TMEM158	neu
CHRM1	neu
TENM4	neu
TMEM145	neu
HDGFRP3	neu
DBN1	neu
CPLX3	neu
NIPSNAP1	neu
ARF3	neu
SUSD4	neu
SIAH3	neu
CDS2	neu
KIFAP3	neu
DACH2	neu
PLCZ1	neu
CHSY3	neu
NGF	neu
AMPH	neu
CYFIP2	neu
UNC13A	neu
CPEB3	neu
SHISA6	neu
SLC2A6	neu
SLCO5A1	neu
KCNJ9	neu
PCDHA4	neu
CADM3	neu
NDFIP1	neu
LIN7B	neu
SLC25A14	neu
KCNF1	neu
CPNE6	neu
DPP10	neu
RASGRF1	neu
R3HDM1	neu
WDR47	neu
C2ORF80	neu
PPIP5K1	neu
ISL1	neu
NDRG3	neu
GNB5	neu
CALM2	neu
HSPA4L	neu
SV2A	neu
FAM183A	neu
SPRYD3	neu
TENM1	neu
NKX2-1	neu
PRRG3	neu
ADD2	neu
VSTM2L	neu
RIMS4	neu
STK32B	neu
PIK3C2G	neu
RAPGEFL1	neu
FKBP1B	neu
CHRD	neu
ZBTB16	neu
VAX1	neu
PKNOX2	neu
CACNG8	neu
SORCS3	neu
TMEM169	neu
CACNA1E	neu
RASGRP1	neu
SLC4A8	neu
ICA1L	neu
KIAA1024	neu
SNX16	neu
PPFIA2	neu
ATPIF1	neu
KCNJ5	neu
NMNAT2	neu
GFRA4	neu
AMY2B	neu
DOCK3	neu
SATB1	neu
NETO1	neu
STAP1	neu
ZNF821	neu
NEFH	neu
TMEM200A	neu
SLC9B2	neu
ZNF519	neu
FLRT3	neu
STAC2	neu
ARX	neu
LRRC3B	neu
CEND1	neu
RIMS2	neu
PRKCB	neu
CD200	neu
INSM2	neu
TRIM46	neu
HOMER2	neu
EOMES	neu
SYT3	neu
LRRC7	neu
NRG3	neu
ADAM22	neu
CCSAP	neu
SLC4A3	neu
OXCT1	neu
SYTL5	neu
FAM155A	neu
TRPC7	neu
TSPYL1	neu
SCN1A	neu
PDE1B	neu
HTR3B	neu
MEAF6	neu
OXR1	neu
ADAM23	neu
SRSF12	neu
RGMB	neu
GALNT9	neu
OXTR	neu
LDOC1	neu
NPTN	neu
ANKRD35	neu
KLHL29	neu
CNTNAP3	neu
KLHDC8A	neu
PNMAL2	neu
FHOD3	neu
HS3ST5	neu
CALY	neu
CHRNA3	neu
TAGLN3	neu
CERS6	neu
HDAC9	neu
SEMA4F	neu
KCNB1	neu
MYO5B	neu
TCF20	neu
ZFP92	neu
CHRFAM7A	neu
C11ORF80	neu
MMP24	neu
EIF4A2	neu
PJA1	neu
KCNAB2	neu
FBXL21	neu
LAMB3	neu
TUBB2A	neu
CBLN1	neu
RGS11	neu
ASB11	neu
SPATA2L	neu
MAPK10	neu
MYO16	neu
SLC26A8	neu
USP13	neu
DMXL2	neu
INPP5F	neu
DNM1L	neu
FKBP3	neu
STAU2	neu
CHRNB3	neu
CLEC2L	neu
ARMCX4	neu
SPTBN4	neu
PJA2	neu
GIPC2	neu
SIDT1	neu
OSBPL3	neu
C14ORF39	neu
RNF187	neu
CHL1	neu
NAPG	neu
MTMR7	neu
ATP2B1	neu
MAGI1	neu
GRM8	neu
FBXO16	neu
SYT17	neu
SLC8A2	neu
TOMM20	neu
SLC38A4	neu
RTF1	neu
KALRN	neu
GABRD	neu
IL12RB2	neu
GUCY1B3	neu
ADRA1B	neu
ATRNL1	neu
DNAL1	neu
SUCLA2	neu
LYRM9	neu
MARK1	neu
LRP11	neu
INHA	neu
ABLIM3	neu
MAB21L1	neu
DLGAP2	neu
KCNMA1	neu
P2RX5	neu
GPR135	neu
YPEL4	neu
RASD2	neu
CELSR2	neu
LAMC2	neu
GLB1L2	neu
BASP1	neu
XKR7	neu
IDS	neu
HYLS1	neu
KANTR	neu
HECTD4	neu
RGS6	neu
MET	neu
SYN3	neu
AGBL4	neu
DOK6	neu
GPR88	neu
UBFD1	neu
AKAP5	neu
SAMD3	neu
EEF1A2	neu
SLC27A2	neu
SYNJ1	neu
ADAM21	neu
SEL1L3	neu
TLE2	neu
SPRN	neu
IRS4	neu
LRRC6	neu
INPP4A	neu
RASSF6	neu
DCX	neu
PELI3	neu
GRM5	neu
SLC6A7	neu
C6ORF222	neu
ARHGDIG	neu
NTN5	neu
ACTA1	neu
TMEM35	neu
HMGCLL1	neu
GRIN2D	neu
VDAC1	neu
FAM19A2	neu
MICAL2	neu
GABARAPL1	neu
PPME1	neu
DRD1	neu
BHLHB9	neu
SEPT3	neu
CACNG5	neu
CHRNA6	neu
G3BP2	neu
MAS1	neu
AK5	neu
NKRF	neu
MIAT	neu
AGTR2	neu
GFOD1	neu
OLA1	neu
B4GALNT4	neu
ATG9B	neu
MAST1	neu
GPR151	neu
WNT2	neu
KIAA0319	neu
SLCO4C1	neu
ANK1	neu
CDH18	neu
DPYSL4	neu
HARS	neu
VWDE	neu
TCAF1	neu
FXYD7	neu
BEND4	neu
RAB6A	neu
RTN4R	neu
SAMD12	neu
BDNF	neu
UBQLN2	neu
PCDHA6	neu
KLHL14	neu
CFAP36	neu
LY6H	neu
KLHDC2	neu
MARCH11	neu
PALM3	neu
SFXN3	neu
AMIGO1	neu
KMO	neu
C3ORF67	neu
TMEM191B	neu
ATXN10	neu
PTPRT	neu
SCML4	neu
PROK2	neu
NEDD4L	neu
ANO5	neu
FLYWCH2	neu
PLXNC1	neu
NANOS1	neu
ANKRD42	neu
TECTA	neu
MYH4	neu
FTX	neu
FAM49A	neu
ENC1	neu
CXXC4	neu
CAMKK1	neu
SLN	neu
SPIN1	neu
KRT12	neu
EPM2AIP1	neu
PDE10A	neu
EPHA8	neu
DCAF7	neu
SPINT2	neu
CNST	neu
REM2	neu
TRPV1	neu
VAT1L	neu
FAM196A	neu
FAM43B	neu
RGAG1	neu
DRC1	neu
HMCN2	neu
HYDIN	neu
PAM	neu
DZIP3	neu
GPR27	neu
PARM1	neu
LRRC26	neu
HERC3	neu
KIF26B	neu
PLEK2	neu
PDYN	neu
ZDHHC13	neu
PCMT1	neu
GNG4	neu
CTXN1	neu
SCAMP1	neu
RCAN2	neu
ZYG11B	neu
MAPK9	neu
ADARB1	neu
LPCAT4	neu
TTC9B	neu
TRNP1	neu
AKAP6	neu
CCNA1	neu
NETO2	neu
MADD	neu
MYL1	neu
XKR4	neu
C7ORF62	neu
KIFC2	neu
PEG10	neu
CRHR1	neu
SH3YL1	neu
ATP6V1H	neu
PLP1	oli
CLDN11	oli
ERMN	oli
UGT8	oli
MOG	oli
MOBP	oli
MAG	oli
MBP	oli
OPALIN	oli
GJB1	oli
MYRF	oli
KLK6	oli
FA2H	oli
CNP	oli
ENPP6	oli
LPAR1	oli
ERBB3	oli
TMEM125	oli
ANLN	oli
ASPA	oli
QDPR	oli
S1PR5	oli
ENPP2	oli
NIPAL4	oli
MAL	oli
BCAS1	oli
CRYAB	oli
LGI3	oli
SGK2	oli
GPR37	oli
HHIP	oli
SLAIN1	oli
TMEM88B	oli
CNTN2	oli
NINJ2	oli
ST18	oli
MAP6D1	oli
PLEKHH1	oli
PRR18	oli
TF	oli
TRIM59	oli
PEX5L	oli
HAPLN2	oli
GJC2	oli
GJC3	oli
SEPT4	oli
PPP1R14A	oli
C10ORF90	oli
GPR62	oli
SEC14L5	oli
GAL3ST1	oli
PLEKHG3	oli
INSC	oli
DOCK5	oli
TUBB4A	oli
NKX6-2	oli
CTNNA3	oli
GSN	oli
ANKUB1	oli
SLC44A1	oli
PLLP	oli
TMEFF2	oli
CA14	oli
CCP110	oli
LDB3	oli
PLEKHB1	oli
ZNF488	oli
CDH19	oli
BTBD16	oli
TNNI1	oli
CPOX	oli
CDK18	oli
TSPAN2	oli
PHLDB1	oli
APLP1	oli
SH3TC2	oli
PTGDS	oli
JAM3	oli
CLDN14	oli
RTKN	oli
ATP10B	oli
NFASC	oli
PPP1R16B	oli
ADAMTS4	oli
TPPP3	oli
AATK	oli
SMCO3	oli
MOB3B	oli
CLDND1	oli
DBNDD2	oli
OLIG1	oli
CDC42EP2	oli
SIRT2	oli
TPRN	oli
RAB33A	oli
TPPP	oli
GALNT6	oli
MAP7	oli
RHOU	oli
RTKN2	oli
PTPDC1	oli
WNT3	oli
PRKCQ	oli
CARNS1	oli
ABCA2	oli
SOX10	oli
GOLGA7	oli
SH3GL3	oli
C21ORF91	oli
TTLL7	oli
PPAP2C	oli
SECISBP2L	oli
JOSD2	oli
AGPAT4	oli
SP7	oli
FEZ1	oli
APOD	oli
GNG8	oli
GLTP	oli
NDRG1	oli
ZDHHC9	oli
TALDO1	oli
TNFAIP6	oli
RNF13	oli
FOLH1	oli
ADO	oli
BFSP2	oli
PACS2	oli
DESI1	oli
TMCC2	oli
NKAIN2	oli
OTUD7B	oli
CERCAM	oli
SLC12A2	oli
SLC45A3	oli
SLC5A11	oli
CTSK	oli
SCD	oli
CREB5	oli
ELOVL1	oli
PLCL1	oli
STMN4	oli
SRD5A1	oli
SERINC5	oli
CERS2	oli
CA2	oli
KCNA1	oli
KLHL2	oli
FAM222A	oli
PLA2G16	oli
NKAIN1	oli
SYNJ2	oli
BRCA1	oli
ENOPH1	oli
GAMT	oli
PIK3C2B	oli
DNAJB2	oli
FBXO32	oli
PDLIM2	oli
IPO13	oli
STRN	oli
ADSSL1	oli
KIF6	oli
MYO1D	oli
ITGB4	oli
YWHAQ	oli
ENPP4	oli
LARP6	oli
CMTM5	oli
SLCO3A1	oli
CDR2L	oli
ENDOD1	oli
PRR5L	oli
FAM122B	oli
CHN2	oli
TMEM151A	oli
KIF13B	oli
ANO4	oli
KNDC1	oli
ARHGEF10	oli
PCDH9	oli
PRRG1	oli
ICK	oli
PCBP4	oli
PAPSS1	oli
NMRAL1	oli
CYB5R2	oli
AGAP1	oli
ATG4C	oli
LRRN1	oli
TYRO3	oli
SLC48A1	oli
HAGLR	oli
YPEL2	oli
SYTL2	oli
MARCH8	oli
PIP4K2A	oli
SPG20	oli
DCT	oli
DUSP15	oli
GAB1	oli
TULP4	oli
PHLDA3	oli
BPGM	oli
ARSG	oli
OLIG2	oli
CCDC13	oli
HN1L	oli
MATN2	oli
SOX8	oli
CDK19	oli
SEPT7	oli
PLXNB3	oli
EFHD1	oli
CNDP1	oli
EDIL3	oli
MICALL1	oli
XRCC3	oli
PPP2R3A	oli
CFL2	oli
TMEM144	oli
PKD2L1	oli
DPY19L1	oli
PTPRD	oli
ABHD17B	oli
SMIM1	oli
KCTD13	oli
LY6G6F	oli
PVRL1	oli
SHC4	oli
WSCD1	oli
UNC5B	oli
FRMD5	oli
TMEM63A	oli
GRHPR	oli
RHBDL2	oli
RASAL1	oli
MAPK8IP1	oli
EML1	oli
TGFA	oli
NIPA1	oli
S100B	oli
STK39	oli
NFE2L3	oli
TMBIM1	oli
ADCY5	oli
PDE8A	oli
TTYH2	oli
TMOD1	oli
TMPRSS5	oli
PIGZ	oli
SERPIND1	oli
DDR1	oli
FAM83D	oli
GPD1	oli
EFNB3	oli
TSPAN15	oli
KAT2B	oli
DIXDC1	oli
NACAD	oli
FRYL	oli
GPR15	oli
RNF141	oli
CARHSP1	oli
B3GNT9	oli
POGK	oli
SEPT8	oli
DYNC1LI2	oli
CLMN	oli
PRIMA1	oli
PAIP2B	oli
KIF19	oli
PLEKHA1	oli
DEGS1	oli
TMEFF1	oli
ANKIB1	oli
ARHGAP23	oli
USP30	oli
PRKCZ	oli
FIS1	oli
SEMA6A	oli
TMEM258	oli
INF2	oli
BACE1	oli
DUSP10	oli
MATN1	oli
EXOC6B	oli
TMEM98	oli
FAM102A	oli
IL23A	oli
SYT11	oli
CEP97	oli
KCTD3	oli
RALGDS	oli
HCN2	oli
RCBTB1	oli
ANKRD28	oli
RFFL	oli
TUBA1A	oli
FBXL5	oli
ZDHHC12	oli
KIAA0930	oli
PDE1C	oli
LRRC1	oli
SVIP	oli
HIPK2	oli
REEP3	oli
RDX	oli
SEC11C	oli
MAP1A	oli
EPN2	oli
STEAP1B	oli
POLR3E	oli
SBF1	oli
SCCPDH	oli
SLC6A9	oli
PKP4	oli
ERMP1	oli
KLHL4	oli
GPR17	oli
ARL2	oli
SLC35A5	oli
DIP2B	oli
SNX22	oli
LECT1	oli
SNX30	oli
CDC42EP1	oli
SMTNL2	oli
SEMA4D	oli
CHST8	oli
TMEM163	oli
OMG	oli
TMEM81	oli
PLS1	oli
ITPK1	oli
BARX2	oli
CPM	oli
FRMD8	oli
KCTD4	oli
TRIM13	oli
TMEM235	oli
RNF144A	oli
ERBB2IP	oli
DACT3	oli
EFCAB14	oli
MTMR2	oli
GAS7	oli
TMCC3	oli
P3H4	oli
CACNA2D4	oli
RNF220	oli
ADAM19	oli
MAP7D1	oli
USP54	oli
GALNT5	oli
KAZN	oli
CSRP1	oli
MAP4K4	oli
GNAI1	oli
CD9	oli
PPFIBP2	oli
SHISA4	oli
POU3F1	oli
SNX15	oli
ASB1	oli
SLC24A2	oli
CASR	oli
LRRC63	oli
PCYT2	oli
CDH1	oli
DEFB136	oli
LRRC8D	oli
ABCG1	oli
DYNC1I2	oli
WRAP53	oli
ONECUT2	oli
MTF1	oli
FAM107B	oli
DAPK2	oli
KIAA1614	oli
PPP1R21	oli
SCHIP1	oli
ANKS1B	oli
ADIPOR2	oli
FIGN	oli
TP53INP2	oli
APBB1	oli
DHCR24	oli
CD82	oli
KIF13A	oli
FBXO36	oli
ZNF365	oli
PSAT1	oli
WNK1	oli
JAKMIP3	oli
HMOX2	oli
FBXO7	oli
CHST6	oli
CCDC89	oli
SPOCK3	oli
MBNL2	oli
CHST3	oli
MATN4	oli
NPSR1	oli
RNF5	oli
ABLIM2	oli
TMEM117	oli
DLG1	oli
PPP2R2A	oli
URM1	oli
AKTIP	oli
FTH1	oli
GPRC5B	oli
NEU4	oli
BPNT1	oli
TSHB	oli
MOSPD2	oli
SLC6A8	oli
SIK3	oli
CDC42SE2	oli
LLGL1	oli
CELA1	oli
TRUB2	oli
ZNF536	oli
QKI	oli
KCNA6	oli
SNX6	oli
TRIM36	oli
EPHB1	oli
PLIN3	oli
SBDS	oli
TJAP1	oli
ATP8A1	oli
SLPI	oli
ANKRD40	oli
FECH	oli
SH3D19	oli
SPSB1	oli
PIGY	oli
GLOD4	oli
ZBTB47	oli
ADI1	oli
HSD17B4	oli
C1ORF122	oli
LRRC28	oli
GPSM2	oli
MARCKSL1	oli
MAP4K5	oli
PADI2	oli
SSH3	oli
DCPS	oli
DIP2A	oli
SRCIN1	oli
AAMDC	oli
SULF2	oli
MON2	oli
ENTPD5	oli
KIAA1147	oli
FNBP1	oli
C12ORF66	oli
ELOVL7	oli
TXNDC16	oli
ELAVL3	oli
COL20A1	oli
GLRA4	oli
FNTA	oli
OSBPL1A	oli
GSTP1	oli
NUDT16	oli
HMGN2	oli
FAM57A	oli
FAM178B	oli
SHISA8	oli
HDAC11	oli
SPTLC1	oli
NRBP2	oli
RND2	oli
ZEB2	oli
TESK2	oli
RBPJL	oli
FNTB	oli
B3GALT5	oli
GIPC1	oli
ANKRD65	oli
RAP2A	oli
FANCB	oli
PHLPP1	oli
ADAMTS2	oli
ARHGEF37	oli
NIPAL3	oli
SNX1	oli
CADM4	oli
ITGAD	oli
SI	oli
NRTN	oli
SORT1	oli
UBL3	oli
TTLL5	oli
DOCK10	oli
KIF1B	oli
ELOVL6	oli
BACE2	oli
DPYSL2	oli
FADS6	oli
LCORL	oli
EPCAM	oli
BCHE	oli
NBR1	oli
LRP2	oli
NKX2-2	oli
KIZ	oli
TMEM141	oli
RTN4	oli
RNF7	oli
NOL4L	oli
PCSK6	oli
PCOLCE2	oli
SERTAD3	oli
FOXN2	oli
FOXO4	oli
RNF181	oli
DMRT2	oli
PAPL	oli
NOL3	oli
DPYD	oli
LCTL	oli
DCAF17	oli
HIST1H2BE	oli
ZNF579	oli
KLRC2	oli
NPC1	oli
HIST1H2AC	oli
C14ORF1	oli
MAD1L1	oli
PTPN11	oli
TRAK2	oli
PLEKHF1	oli
COL9A2	oli
MRPL48	oli
GP2	oli
AIF1L	oli
FPGT	oli
MTMR10	oli
RAB10	oli
EVI2A	oli
MID1IP1	oli
CYP3A4	oli
DGAT2	oli
EML2	oli
EN2	oli
IL11	oli
GRB14	oli
AGA	oli
PDE6D	oli
TLL2	oli
USP31	oli
IGSF8	oli
CHD1L	oli
SLC39A3	oli
SLC22A23	oli
TMEM19	oli
ATG3	oli
SHBG	oli
ANK3	oli
HIST1H4H	oli
IL12RB1	oli
NDE1	oli
C17ORF98	oli
TRIM35	oli
BMP8B	oli
TLE6	oli
E2F8	oli
AMD1	oli
ABCB8	oli
ZDHHC20	oli
ABCA8	oli
CHADL	oli
TBC1D10B	oli
MIF4GD	oli
PTK2	oli
RNASEH1	oli
CYTH1	oli
ACTR1A	oli
HR	oli
ADAMTSL4	oli
NCMAP	oli
TPST1	oli
FKTN	oli
ZNF32	oli
HIST2H3A	oli
HIAT1	oli
ACSS2	oli
MPP2	oli
C4ORF3	oli
MED30	oli
TEX2	oli
SLC35A2	oli
LHPP	oli
FARP2	oli
ANGPT4	oli
MCAM	oli
CAPN5	oli
PEPD	oli
MYOT	oli
AZGP1	oli
TMEM189	oli
C18ORF32	oli
DEPDC1B	oli
TNR	oli
PHACTR3	oli
TRIM2	oli
TRPV3	oli
HBS1L	oli
GIPR	oli
DHFR	oli
ZC4H2	oli
ZNF281	oli
FAM192A	oli
DDRGK1	oli
MGAT3	oli
NUDT8	oli
MPP5	oli
NXPE3	oli
POP4	oli
PPP1R16A	oli
SEMA5A	oli
GINS4	oli
PPDPF	oli
COL11A2	oli
LMBRD1	oli
ZNF664	oli
ZCCHC17	oli
PIGQ	oli
GABRR2	oli
ARPC1A	oli
LITAF	oli
ETV1	oli
TMEM74	oli
NDUFAF2	oli
MEIS1	oli
ECHDC1	oli
SNAPIN	oli
C5ORF30	oli
GKAP1	oli
KLF13	oli
SLC25A1	oli
MRPL10	oli
CLEC12B	oli
BMP4	oli
LIMCH1	oli
FYN	oli
COMMD3	oli
MYH14	oli
EBP	oli
BNIP3L	oli
DNAI2	oli
C1ORF106	oli
TBC1D15	oli
VBP1	oli
RAB4A	oli
CDC37L1	oli
ADD1	oli
ZBTB8OS	oli
NCAM2	oli
TRNT1	oli
TMEM33	oli
ANKRD39	oli
TMEM230	oli
TAF9B	oli
MPST	oli
NMUR2	oli
VTA1	oli
FAH	oli
R3HCC1	oli
APP	oli
ADORA1	oli
KIAA1958	oli
GSKIP	oli
SASS6	oli
STAM	oli
DUSP19	oli
MPC1	oli
C1GALT1C1	oli
SLU7	oli
SLC26A11	oli
SLC38A2	oli
PXK	oli
TMEM134	oli
RRP36	oli
DDX1	oli
C2ORF88	oli
CPEB2	oli
C2ORF76	oli
DENND5A	oli
CDK5	oli
SRPK3	oli
DHCR7	oli
TARSL2	oli
ABHD5	oli
C2ORF54	oli
NPB	oli
CAPN13	oli
EVI5L	oli
VAMP3	oli
TSG101	oli
PIGA	oli
LRRC46	oli
PRCD	oli
CORO7	oli
CLASP2	oli
PYCR2	oli
SEZ6L2	oli
ATP9A	oli
ESRP1	oli
OMP	oli
PPP2R5B	oli
KBTBD3	oli
ITCH	oli
INSM1	oli
FAM98A	oli
AIG1	oli
DNAJC24	oli
IL17RB	oli
ZFYVE1	oli
PTMA	oli
TM7SF3	oli
LOH12CR1	oli
NEO1	oli
TSC22D4	oli
PIN4	oli
GNPTAB	oli
STAMBP	oli
SNHG6	oli
BEST3	oli
FGFR2	oli
ATP11A	oli
HOXD1	oli
NBAS	oli
GSTO2	oli
DIS3L2	oli
ZNF688	oli
ALDH3A2	oli
GSS	oli
KLHL30	oli
FAM131B	oli
SETD8	oli
SFTPC	oli
MMP13	oli
RCOR2	oli
CEP104	oli
PTP4A1	oli
FAM126A	oli
UNC50	oli
CCNDBP1	oli
GJB4	oli
DNAH10	oli
NT5E	oli
APBA3	oli
PCYT1B	oli
TFEB	oli
MVB12B	oli
CRIPT	oli
H2AFJ	oli
NKX2-8	oli
RAB40C	oli
FAM134B	oli
TPD52	oli
SCFD2	oli
FGF1	oli
LAMP2	oli
NEK3	oli
PIM3	oli
DNAJC22	oli
HINT3	oli
CDC42BPA	oli
RAB37	oli
C11ORF74	oli
LPGAT1	oli
PTPRQ	oli
CC2D1B	oli
TCP11L2	oli
AP5Z1	oli
OPN4	oli
NUDT1	oli
RBP7	oli
KCNMB4	oli
NR0B1	oli
CEP72	oli
NPAT	oli
TMEM139	oli
B3GNT6	oli
ALAD	oli
KDSR	oli
MRPL43	oli
SEPW1	oli
SMIM5	oli
FRMD4B	oli
PGM3	oli
RPP30	oli
SYNE3	oli
GTF3C6	oli
ACACA	oli
ABTB2	oli
ZNF706	oli
LYSMD1	oli
ADAMTS18	oli
TJP2	oli
LYRM2	oli
PGAP2	oli
HSPA2	oli
VPS37C	oli
FCHO1	oli
SCARB2	oli
RN7SL419P	oli
SNX27	oli
TECPR2	oli
KATNAL1	oli
CUEDC1	oli
NTHL1	oli
OR2L13	oli
STX6	oli
PSTPIP2	oli
DLL1	oli
SAMD8	oli
MKRN3	oli
DNAJC19	oli
EIF2B1	oli
SPNS2	oli
MICAL3	oli
TRHR	oli
FAR1	oli
HIST1H2AE	oli
CIPC	oli
ZCCHC24	oli
CCDC27	oli
GNG7	oli
CACNG7	oli
MACROD1	oli
CHURC1	oli
RAP1GDS1	oli
C1ORF116	oli
TXNL4B	oli
LY6G6D	oli
CHTOP	oli
COL9A3	oli
MAFA	oli
HIST1H4K	oli
DLK2	oli
PARL	oli
CYP27A1	oli
TMEM41B	oli
C9ORF3	oli
ITFG3	oli
CLASRP	oli
RAPGEF5	oli
ZZZ3	oli
SLC26A9	oli
ASB5	oli
POMGNT1	oli
MRPS33	oli
SEC23B	oli
C11ORF1	oli
GTF3C5	oli
C16ORF90	oli
MYO18A	oli
EMC7	oli
GCA	oli
MPL	oli
ABCB10	oli
JMJD7-PLA2G4B	oli
PPP1R3E	oli
GABARAPL2	oli
DND1	oli
IQCF3	oli
NDST1	oli
HDHD2	oli
SPAST	oli
GIT1	oli
FGF7	oli
CTPS1	oli
ARMC1	oli
MAST3	oli
LDLRAP1	oli
HMGCS1	oli
NAP1L4	oli
POLR2F	oli
MBOAT1	oli
VEZF1	oli
AACS	oli
PEX2	oli
MFSD3	oli
DCTN2	oli
FGF22	oli
LAP3	oli
DNAJC18	oli
HSD17B12	oli
SHCBP1L	oli
ALDH3B2	oli
CPB2	oli
ENO4	oli
VPS8	oli
KEL	oli
MMGT1	oli
PMVK	oli
TRADD	oli
DNPH1	oli
PDE4B	oli
TAS2R39	oli
RNA5SP126	oli
NUDT4	oli
CLIP2	oli
EMC10	oli
HIBADH	oli
PLA2G6	oli
BCAS3	oli
PYCR1	oli
SPCS1	oli
SYS1	oli
PRTG	oli
HSD17B3	oli
PKMYT1	oli
ATAT1	oli
RMND5A	oli
PEX16	oli
GOSR1	oli
DNTT	oli
MYO7B	oli
PIGC	oli
PLEKHH2	oli
SPTSSA	oli
POC1A	oli
SNUPN	oli
PPP1R8	oli
ARAP2	oli
WDPCP	oli
GTF2E1	oli
PHC1	oli
TMED4	oli
SRP14	oli
SLC34A3	oli
GTF3A	oli
LGALS2	oli
SLC25A38	oli
SMIM15	oli
MROH2B	oli
KDM1B	oli
SLC25A51	oli
DEFB128	oli
PET100	oli
MFSD7	oli
FBXW12	oli
MT-TN	oli
TAF11	oli
RAB2B	oli
GTF2F2	oli
ADAMTS20	oli
BCL2L2	oli
IKZF5	oli
HIST3H2BA	oli
ARL8A	oli
MGARP	oli
CPB1	oli
COMMD9	oli
NEUROG2	oli
TAS2R40	oli
MT-TI	oli
PHYHIPL	oli
TCFL5	oli
BIN1	oli
BCAT1	oli
PSEN1	oli
SYS1-DBNDD2	oli
NPBWR1	oli
MAP2K5	oli
TTL	oli
RDH12	oli
TRIM17	oli
FAM83F	oli
PPP2R5C	oli
GET4	oli
OTUD6B	oli
CACFD1	oli
GPM6B	oli
SMIM7	oli
STARD3	oli
GATAD1	oli
NDUFS7	oli
RINT1	oli
TCEANC2	oli
HIST1H2AD	oli
FAM53B	oli
TMEM5	oli
HIST1H3J	oli
TIMMDC1	oli
FMNL2	oli
CYB5A	oli
PROX1	oli
SGCE	oli
LRRC42	oli
ITGB3BP	oli
PDGFRA	opc
SHC4	opc
MATN4	opc
TNR	opc
PNLIP	opc
PCDH15	opc
FAM180A	opc
NEU4	opc
LHFPL3	opc
CHST6	opc
MEGF11	opc
C8ORF46	opc
OLIG1	opc
GPR17	opc
RNF43	opc
RBPJL	opc
UGT8	opc
PMEL	opc
SOX10	opc
GAL3ST1	opc
SULF2	opc
CCNB1	opc
MYT1	opc
ACAN	opc
XYLT1	opc
CSPG4	opc
C1QL1	opc
CKAP2	opc
GJC3	opc
TOP2A	opc
PRKG2	opc
BCAS1	opc
SAPCD2	opc
ZNF488	opc
LRRN1	opc
TMEM255B	opc
S100A3	opc
PBK	opc
SUSD5	opc
STK32A	opc
SULF1	opc
PRKCQ	opc
DPYD	opc
GPSM2	opc
LAD1	opc
UGDH	opc
CKAP2L	opc
GJB1	opc
EMID1	opc
TGFA	opc
ADAM12	opc
ERBB3	opc
CDC25C	opc
HAS2	opc
ARHGEF39	opc
DCT	opc
KCNH8	opc
POU3F1	opc
ECT2	opc
NUF2	opc
UBE2C	opc
C1ORF106	opc
FIGN	opc
SNX22	opc
DLL1	opc
TMEM255A	opc
SOX6	opc
PRC1	opc
PRTG	opc
VCAN	opc
CACNG4	opc
FBLN7	opc
EPN2	opc
FA2H	opc
ADAM9	opc
VIPR2	opc
MMP16	opc
DLGAP5	opc
GFRA1	opc
B3GAT2	opc
E2F8	opc
GRIA3	opc
FRMD7	opc
MC5R	opc
LRRTM3	opc
ITIH2	opc
TRAF4	opc
ABCA6	opc
SERINC5	opc
TRAV5	opc
MC4R	opc
SEMA3D	opc
MMP15	opc
CDCA8	opc
DSCAM	opc
PSTPIP2	opc
CENPF	opc
FBN2	opc
CNTN1	opc
LPPR5	opc
LPO	opc
BRINP3	opc
KIF2C	opc
GALNT3	opc
PPAPDC1A	opc
KIF18A	opc
MYRF	opc
ADAMTSL3	opc
MKI67	opc
NINJ2	opc
NT5E	opc
FBXO7	opc
CENPI	opc
ASPM	opc
FAM122B	opc
CCNB2	opc
C1QL3	opc
SDR42E1	opc
COL3A1	opc
KIF11	opc
TROAP	opc
TPX2	opc
CHRNA4	opc
COBL	opc
SLPI	opc
SLC22A3	opc
UHRF1	opc
FAM64A	opc
NTN1	opc
PLK1	opc
KIF20A	opc
PRR11	opc
SEMA5A	opc
FOXM1	opc
NXPH1	opc
PODN	opc
TACC3	opc
SNX25	opc
AMPD3	opc
POSTN	opc
ODF3L2	opc
RTKN2	opc
CHST11	opc
CREB5	opc
SPC24	opc
GSX1	opc
TMEM100	opc
MELK	opc
KIF14	opc
SIX4	opc
SH3D19	opc
BIRC5	opc
DLL3	opc
TMEM64	opc
PCMTD2	opc
BFSP2	opc
WIPF1	opc
CHADL	opc
C1QTNF2	opc
OLIG2	opc
CDCA2	opc
PLLP	opc
NDC80	opc
MPZL2	opc
GALNT13	opc
KRT17	opc
LNX1	opc
NCMAP	opc
USP24	opc
PAPSS1	opc
ZNF471	opc
SRPX2	opc
RAD51	opc
SLC6A13	opc
C3ORF38	opc
DUSP15	opc
MEX3C	opc
MB21D2	opc
EHD3	opc
BUB1	opc
SPSB4	opc
DERL3	opc
XKR5	opc
GPT2	opc
CSMD3	opc
RTKN	opc
SERPIND1	opc
DMRTA1	opc
SCFD2	opc
HMMR	opc
CDC20	opc
WNT10A	opc
C14ORF37	opc
S100A1	opc
PID1	opc
SCEL	opc
SMOC1	opc
SSTR1	opc
AGAP1	opc
SLC35F1	opc
LRRC4C	opc
C17ORF58	opc
KIF4A	opc
RASA3	opc
SOX8	opc
SDC3	opc
DNPH1	opc
CYS1	opc
ADORA1	opc
CD70	opc
EXO1	opc
STON1	opc
PABPC5	opc
TTK	opc
KCNIP3	opc
CEP41	opc
TMEM132D	opc
LAMC3	opc
LRRTM4	opc
NTNG1	opc
LBP	opc
MROH9	opc
S100B	opc
CFTR	opc
RRM2	opc
SOWAHA	opc
ABTB2	opc
FANCI	opc
KIZ	opc
FAM173B	opc
ZFP37	opc
CPXM1	opc
PCOLCE2	opc
TNPO1	opc
KIAA0922	opc
TMEM132E	opc
RPRM	opc
MMP17	opc
HELLS	opc
C14ORF80	opc
MAPK7	opc
B3GNT7	opc
LRP2BP	opc
CHAF1B	opc
ELDR	opc
ETV1	opc
RLBP1	opc
PCDHGB1	opc
POMT1	opc
NLGN3	opc
RAD54L	opc
NEIL3	opc
FER1L5	opc
RNF17	opc
SLC25A15	opc
CASK	opc
SLITRK3	opc
TMEM132B	opc
ANO2	opc
NOVA1	opc
B9D1	opc
SCRG1	opc
ITGB8	opc
KIF23	opc
GTSE1	opc
MATN1	opc
ZIK1	opc
SORCS1	opc
GUCY1B2	opc
ZNF462	opc
BCAT1	opc
CREB3L3	opc
BEST3	opc
DCDC2	opc
A1CF	opc
CDC6	opc
RGS13	opc
CCDC173	opc
CMBL	opc
RACGAP1	opc
FAM19A4	opc
PHLDA1	opc
RBM11	opc
IL1RAP	opc
DPP6	opc
KL	opc
PHF6	opc
SEZ6L	opc
CPA4	opc
IFIT2	opc
CD302	opc
ADAM20	opc
PPP1R26	opc
ZCCHC24	opc
IRX1	opc
CDH13	opc
PHLDB1	opc
FPGT	opc
ASCL1	opc
PANX1	opc
TMEM179	opc
EMB	opc
NCALD	opc
KNSTRN	opc
SLC1A1	opc
TMEM132C	opc
CENPK	opc
REV3L	opc
ANKRD28	opc
SGCZ	opc
COL11A2	opc
TRAM1L1	opc
ZFP41	opc
BOLL	opc
MMGT1	opc
CYB5R2	opc
ERCC4	opc
KCND2	opc
FIGNL1	opc
GRIA4	opc
B3GNT5	opc
IL13RA2	opc
OLFM2	opc
RHPN1	opc
RMI2	opc
MSH6	opc
SLC17A5	opc
AURKB	opc
ADGB	opc
DMRTC1B	opc
ANKUB1	opc
CDK1	opc
PLXNB3	opc
AURKA	opc
SERPINA3	opc
KLHL5	opc
DHRS13	opc
LPAR3	opc
FBXO5	opc
MCM10	opc
SNX27	opc
TACC2	opc
C1QTNF6	opc
TSHZ3	opc
ADAM1B	opc
PDZRN4	opc
LUM	opc
ARHGAP12	opc
PTER	opc
CDH19	opc
ATP10B	opc
MCM3	opc
OPRL1	opc
NKX2-2	opc
DNAJB11	opc
DDX4	opc
BLM	opc
FUBP3	opc
TMEM163	opc
COL11A1	opc
BVES	opc
DUSP9	opc
DCAF12L2	opc
ACTC1	opc
PXYLP1	opc
RN7SKP83	opc
HSPH1	opc
SLFN13	opc
ZNF280B	opc
EVI5L	opc
WSCD1	opc
MATN2	opc
MASP1	opc
ERCC6L2	opc
TRIM7	opc
TRIP13	opc
FZD9	opc
KIF20B	opc
RSPRY1	opc
INHBC	opc
SLITRK6	opc
RAF1	opc
SNX1	opc
TICRR	opc
AFAP1L2	opc
IQCJ	opc
CDKN2C	opc
POGK	opc
ADAM18	opc
INSC	opc
ETV5	opc
TMEM198B	opc
CDCA3	opc
C1GALT1	opc
MCMBP	opc
HSD17B13	opc
NUP107	opc
PDGFRL	opc
ZC4H2	opc
CSMD2	opc
MTRF1	opc
BRINP1	opc
DDX43	opc
MCM5	opc
ARL2BP	opc
MARVELD3	opc
SLC22A6	opc
TMEM63B	opc
STIL	opc
ZBTB26	opc
SLC41A2	opc
TMEM121	opc
TPST1	opc
EBF4	opc
MNS1	opc
KCNK2	opc
SSR1	opc
ACAP3	opc
SAA1	opc
SLC4A1	opc
CPZ	opc
FAM83D	opc
GINS2	opc
KIAA1644	opc
CEP128	opc
OR5K4	opc
ZCCHC3	opc
ZCCHC16	opc
HR	opc
SKA3	opc
PIGH	opc
TMEM231	opc
KLRC2	opc
KIAA0101	opc
NLGN2	opc
FIG4	opc
WDFY1	opc
KAT2B	opc
LRRCC1	opc
SKA1	opc
RBBP9	opc
CDR2L	opc
ETFDH	opc
WDR61	opc
FAM192A	opc
PTPDC1	opc
PCDHA12	opc
CERCAM	opc
FAM19A1	opc
H2AFV	opc
MYBL1	opc
SPC25	opc
XPO7	opc
SOX3	opc
TCFL5	opc
ATAD5	opc
CCNA2	opc
CLEC3B	opc
REP15	opc
CENPV	opc
PER2	opc
PPA2	opc
ALX3	opc
POLD1	opc
KIF15	opc
ERCC8	opc
EZH2	opc
DNAH11	opc
PHLPP2	opc
GNAT1	opc
WDHD1	opc
GUCY2C	opc
PHF19	opc
MRE11A	opc
RYK	opc
DCC	opc
GPR82	opc
NCAPG	opc
LUZP2	opc
GAB3	opc
VSTM2B	opc
GAB1	opc
NOA1	opc
C21ORF91	opc
CCDC14	opc
ZMAT3	opc
TMEM196	opc
CENPJ	opc
RNA5SP474	opc
GSX2	opc
CMTM4	opc
FANCL	opc
CMTR2	opc
PRSS41	opc
CASKIN2	opc
PARS2	opc
RIMBP3C	opc
MAEL	opc
TAF9B	opc
MPPED2	opc
APEX2	opc
WDR89	opc
TMEM33	opc
MCM6	opc
RRP15	opc
SCML2	opc
SLC4A1AP	opc
POGLUT1	opc
CATSPERD	opc
LGALS2	opc
FANCA	opc
MCM7	opc
PDSS2	opc
TMEM167A	opc
NAV1	opc
AGBL1	opc
IL5RA	opc
GRIK3	opc
CHST15	opc
TTC25	opc
OTOS	opc
KLC3	opc
PRR36	opc
COL9A3	opc
FBXW10	opc
CREB3L1	opc
HMBOX1	opc
SEPT8	opc
FAM35A	opc
C5	opc
RN7SKP288	opc
MMP3	opc
MARCH1	opc
IL1RAPL1	opc
TBC1D32	opc
CEP55	opc
RIN1	opc
UBXN2B	opc
TPH1	opc
TADA1	opc
SPTA1	opc
ZSWIM5	opc
MOB4	opc
FGF20	opc
LIMS2	opc
ENPP1	opc
ANKS1B	opc
RHCG	opc
CYP3A4	opc
LRRC8D	opc
FAM114A1	opc
SPPL2B	opc
RAB31	opc
TDRD7	opc
LIPN	opc
ZNF791	opc
CSMD1	opc
UBE3B	opc
TXNDC12	opc
LDLRAD2	opc
DNA2	opc
HIP1R	opc
STIM2	opc
SS18	opc
KIAA1958	opc
QPCT	opc
NRG2	opc
LRRD1	opc
GALR1	opc
ITGA9	opc
RNU6-994P	opc
GPR155	opc
PCYOX1L	opc
ARHGAP24	opc
TRIM62	opc
ANKRD11	opc
NCAPD2	opc
GRHL2	opc
PPP1R14B	opc
KRT1	opc
RNU6-665P	opc
SHISA8	opc
ZNF583	opc
ZEB1	opc
GTF3C6	opc
NLGN1	opc
SLC2A12	opc
S100A4	opc
CLSPN	opc
ITGAV	opc
RNU6-681P	opc
LINGO3	opc
FAM3C	opc
C1QL2	opc
KIF18B	opc
SMC3	opc
HSD17B4	opc
NASP	opc
TXNDC16	opc
EXTL1	opc
SMC2	opc
TMEFF2	opc
SCARA5	opc
MTMR10	opc
SCML1	opc
RNASEH2B	opc
FIP1L1	opc
NCAM2	opc
CDO1	opc
ZNHIT6	opc
THUMPD2	opc
LSM1	opc
CSPG5	opc
PCDHGA5	opc
MTCH2	opc
SEMA3E	opc
SAMD14	opc
FAM136A	opc
C11ORF24	opc
LAMA1	opc
SMTNL2	opc
COL1A1	opc
SOX5	opc
FAM111A	opc
YBEY	opc
SHD	opc
GPR137C	opc
ASF1B	opc
PPP1R21	opc
SCLY	opc
ROR2	opc
ZDHHC23	opc
ASB1	opc
BORA	opc
PM20D2	opc
XKR6	opc
FADS6	opc
AAMDC	opc
FAM89A	opc
CCNF	opc
RNU6-806P	opc
HJURP	opc
G2E3	opc
PCCA	opc
NUP43	opc
CAPRIN2	opc
SAAL1	opc
HCAR1	opc
NMNAT2	opc
UHRF1BP1L	opc
ABCG1	opc
DPH5	opc
SNORD91A	opc
MPLKIP	opc
PLEKHB1	opc
RNU6-1086P	opc
TRAIP	opc
DEGS1	opc
CCDC178	opc
BMP7	opc
NF1	opc
GTF2H1	opc
JAM3	opc
SERTAD3	opc
RS1	opc
SPTLC1	opc
OTUB2	opc
RMDN3	opc
PRM1	opc
FAM212B	opc
PANK3	opc
SPATA45	opc
DTWD1	opc
GIP	opc
ZCWPW1	opc
APOL6	opc
RRM1	opc
AGGF1	opc
PRIM1	opc
LRRC57	opc
ANKAR	opc
EPHB3	opc
PCM1	opc
RNU6-120P	opc
KLRK1	opc
FCHSD2	opc
TSPO2	opc
ZBTB33	opc
ORMDL1	opc
CP	opc
TMCO3	opc
SRR	opc
RDX	opc
NR2E3	opc
GOPC	opc
TMPO	opc
PLK5	opc
SNTG1	opc
MURC	opc
AKR1E2	opc
TSPAN3	opc
RBMXL1	opc
PNO1	opc
KCNMB3	opc
CCDC114	opc
AARD	opc
ZDHHC2	opc
GRXCR2	opc
RNF144A	opc
KIFC1	opc
MSANTD2	opc
BUB1B	opc
PODXL2	opc
DLEU7	opc
PHACTR3	opc
GUCY2F	opc
MED18	opc
PCDHA11	opc
HRASLS	opc
SNORA80A	opc
GAR1	opc
COL9A2	opc
RNA5SP123	opc
CCDC134	opc
KCNJ16	opc
COL26A1	opc
CIPC	opc
UHRF2	opc
SLC35G1	opc
SH3BP4	opc
EFCAB9	opc
MTSS1L	opc
ADAMTS5	opc
SPATA16	opc
USP44	opc
DNAH14	opc
CFAP20	opc
GRIK4	opc
RNU6-840P	opc
RMDN2	opc
TTC30B	opc
NIFK	opc
OR51I1	opc
B4GALNT3	opc
TDG	opc
SLC9A7	opc
RNU6-560P	opc
PTCD2	opc
ALDH1A3	opc
RAB10	opc
ROBO1	opc
COIL	opc
TRIM24	opc
GOLT1B	opc
CDK4	opc
MUC19	opc
KIF13A	opc
EFCAB11	opc
LRRC4B	opc
RMND1	opc
KBTBD13	opc
SHC2	opc
LBH	opc
KIAA0232	opc
CCL11	opc
PCDH9	opc
SERINC2	opc
ERMP1	opc
GOLPH3	opc
SCARNA23	opc
ZNF546	opc
KBTBD12	opc
NARS2	opc
GYPA	opc
UNC119B	opc
POLA1	opc
ABHD12B	opc
RAD52	opc
NFYA	opc
CLGN	opc
ZDHHC12	opc
RAD18	opc
ZBTB39	opc
C1QTNF7	opc
PPP3R2	opc
PPP2R2A	opc
TMEM194B	opc
BMP8B	opc
TCF3	opc
UCN	opc
PIRT	opc
CYP7A1	opc
TNFAIP6	opc
PCDH17	opc
SKIV2L2	opc
SLC5A8	opc
SASS6	opc
MSC	opc
SLC25A29	opc
KLK10	opc
LRRTM2	opc
INTS10	opc
POLQ	opc
IL17D	opc
CUX2	opc
SNAPC2	opc
ALKBH1	opc
COL1A2	opc
SLC3A1	opc
COA6	opc
VSX2	opc
WDR62	opc
SMARCD1	opc
RFWD2	opc
MIR130A	opc
MFSD8	opc
SLC27A6	opc
BARX2	opc
TSGA13	opc
FAM19A5	opc
ZNF579	opc
SAMD10	opc
FAM26E	opc
ZNF609	opc
CACNG7	opc
ARHGAP33	opc
COL20A1	opc
ENPP2	opc
SETDB2	opc
RNF139	opc
GNG8	opc
ARHGEF10	opc
ELOVL6	opc
PTPN21	opc
CRKL	opc
SKP2	opc
FDXR	opc
SEC23B	opc
GRIK5	opc
SKA2	opc
ARHGAP11B	opc
KLHL10	opc
SPCS2	opc
EXO5	opc
MT-TY	opc
RNU6-142P	opc
WNK3	opc
C12ORF71	opc
UBE2E3	opc
MUSK	opc
WDR25	opc
PTPRZ1	opc
NPHP1	opc
PRAM1	opc
PMP2	opc
ANKRD6	opc
SLITRK1	opc
RNVU1-3	opc
KIF22	opc
C4ORF46	opc
ARID4B	opc
IKBIP	opc
ABHD17B	opc
SNORA65	opc
POU4F3	opc
ADAM1A	opc
LRRN3	opc
MAP3K1	opc
OTOGL	opc
ADAM5	opc
CA6	opc
LIMA1	opc
TNFRSF11B	opc
AURKC	opc
BRIP1	opc
CDH24	opc
SHPRH	opc
CENPE	opc
KCND3	opc
PRSS50	opc
RNU6-904P	opc
KANK1	opc
PURG	opc
UTS2	opc
HDHD2	opc
PON1	opc
AFAP1	opc
LGR5	opc
PLXNA3	opc
LRFN2	opc
ANKFN1	opc
WNT6	opc
TSPAN2	opc
HAVCR1	opc
DPT	opc
APITD1	opc
MRGPRE	opc
MYRFL	opc
PRIM2	opc
RNU6-1316P	opc
MOGAT1	opc
IBSP	opc
RCN1	opc
GM2A	opc
FOXN2	opc
HAGHL	opc
SUCNR1	opc
C3ORF70	opc
MED25	opc
LMO1	opc
SNORA73B	opc
RAP1GAP2	opc
CTPS1	opc
ZNF639	opc
NPAT	opc
GIF	opc
SNORA19	opc
MKLN1	opc
SLC6A3	opc
KLHL7	opc
ESRRB	opc
CYB5R4	opc
AOC2	opc
ZNF235	opc
CDH22	opc
ZFHX4	opc
GRID2	opc
SNRPA1	opc
VWA2	opc
HIBADH	opc
SNORA72	opc
SLC25A30	opc
COL15A1	opc
AGFG1	opc
IDO2	opc
ALG11	opc
RN7SL419P	opc
KBTBD2	opc
CHTOP	opc
TSPAN6	opc
LYPLAL1	opc
CALCRL	opc
RNU6-1272P	opc
CRTAC1	opc
BACE1	opc
XPOT	opc
GOLGA7	opc
ARSI	opc
FBXO3	opc
NMRK1	opc
GLIS2	opc
PCOLCE	opc
LINC00238	opc
TNNT2	opc
PIH1D2	opc
TM7SF3	opc
MIS18BP1	opc
PCDHGC3	opc
MROH2B	opc
EXTL2	opc
SLC7A3	opc
LRRC4	opc
SHCBP1	opc
CPNE3	opc
FGF11	opc
PP2D1	opc
KRT83	opc
RCOR2	opc
PPP2R3C	opc
CCDC50	opc
PUS7L	opc
NCBP1	opc
ADO	opc
ZNF319	opc
LRRC19	opc
KATNB1	opc
EFNA2	opc
LMNB1	opc
SLC24A4	opc
KPNA2	opc
MMP23B	opc
CTTNBP2	opc
MMP13	opc
RAB3IP	opc
EXOSC9	opc
CACFD1	opc
BCL2L13	opc
C3ORF62	opc
SPATS2L	opc
GKAP1	opc
PROKR1	opc
MYBL2	opc
CLDN14	opc
B3GALT6	opc
KCNA6	opc
TMEM236	opc
PPP1R9A	opc
TMEFF1	opc
RGS9	opc
KIAA1024L	opc
F10	mon
EMILIN2	mon
F5	mon
C3	mon
GDA	mon
MKI67	mon
SELL	mon
HP	mon
FN1	mon
ANXA2	mon
CD24	mon
S100A6	mon
MGST1	mon
SLPI	mon
ABCB7	mon
AIF1	mon
ANXA1	mon
ARF5	mon
ASGR2	mon
BPI	mon
BTK	mon
TSPO	mon
C3AR1	mon
CAPN2	mon
CAPN3	mon
CAPNS1	mon
CAST	mon
CD4	mon
CD33	mon
CEACAM4	mon
MAPK14	mon
CSF1R	mon
CSF3R	mon
CTBP2	mon
CX3CR1	mon
CYBB	mon
DHX8	mon
F13A1	mon
FCAR	mon
FCER1G	mon
FCN1	mon
FGR	mon
FOLR2	mon
FPR2	mon
HADHA	mon
HCK	mon
HK3	mon
AGFG1	mon
HSPA6	mon
CXCR2	mon
IL10RA	mon
IMPDH1	mon
KCNMB1	mon
LTBR	mon
LYL1	mon
MAN2C1	mon
MARK3	mon
MAP3K3	mon
MAP3K11	mon
MNDA	mon
MNT	mon
MYO1F	mon
NUBP1	mon
NCF4	mon
CFP	mon
PLP2	mon
PPP1CB	mon
PRKACA	mon
PTEN	mon
PTGIR	mon
RARA	mon
RNASE2	mon
S100A6	mon
S100A10	mon
S100A12	mon
SH3BP2	mon
SLC11A1	mon
NEK4	mon
CLEC3B	mon
TPD52L2	mon
UBE2D1	mon
USP4	mon
BEST1	mon
WAS	mon
LST1	mon
NUP214	mon
NCOA4	mon
NDST2	mon
PIAS1	mon
MARCO	mon
TMEM11	mon
MTMR3	mon
BTAF1	mon
DOK2	mon
PSTPIP1	mon
CD163	mon
CD101	mon
QKI	mon
LY86	mon
EIF4E2	mon
H2AFY	mon
PPM1F	mon
SNX17	mon
GIT2	mon
USP15	mon
COL4A3BP	mon
CALCOCO2	mon
RGS19	mon
LILRB2	mon
RTN3	mon
CEPT1	mon
CLEC10A	mon
CAMKK2	mon
LILRB1	mon
CD300C	mon
LILRA1	mon
LILRB3	mon
LILRA2	mon
OGFR	mon
WWP2	mon
AKAP13	mon
TREX1	mon
GABARAP	mon
RPH3A	mon
CD93	mon
SPEN	mon
SETX	mon
KDM6B	mon
STAB1	mon
KLHL18	mon
ANKS1A	mon
UBR2	mon
SIN3B	mon
DNAJC13	mon
KIAA1033	mon
SUN1	mon
SIK3	mon
MED13L	mon
SEC11A	mon
ACAP2	mon
PADI4	mon
STX12	mon
IL17RA	mon
PGLS	mon
FAM32A	mon
FBXL5	mon
CLEC4E	mon
PTPN18	mon
SIGLEC9	mon
COQ2	mon
VENTX	mon
CECR5	mon
NKIRAS2	mon
COMMD9	mon
STRN4	mon
PILRA	mon
CLEC4A	mon
METTL9	mon
TLR7	mon
ZDHHC3	mon
TLR8	mon
TMBIM4	mon
P2RY13	mon
TREM1	mon
RIN2	mon
RBM41	mon
RHOT1	mon
NPLOC4	mon
WDR11	mon
NSFL1C	mon
RETN	mon
DENND1A	mon
PCTP	mon
DPEP2	mon
MS4A6A	mon
MTMR14	mon
ATG3	mon
AHNAK	mon
TSEN34	mon
MBOAT7	mon
CARS2	mon
DOK3	mon
PANK2	mon
FBXO11	mon
SPG11	mon
CXorf21	mon
DHX57	mon
SLC38A10	mon
UBXN2B	mon
HIPK1	mon
YTHDF3	mon
LILRA5	mon
CCR2	mon
F10	mon
EMILIN2	mon
F5	mon
C3	mon
GDA	mon
MKI67	mon
SELL	mon
HP	mon
FN1	mon
ANXA2	mon
CD24	mon
S100A6	mon
MGST1	mon
SLPI	mon
ABCB7	mon
AIF1	mon
ANXA1	mon
ARF5	mon
ASGR2	mon
BPI	mon
BTK	mon
TSPO	mon
C3AR1	mon
CAPN2	mon
CAPN3	mon
CAPNS1	mon
CAST	mon
CD4	mon
CD33	mon
CEACAM4	mon
MAPK14	mon
CSF1R	mon
CSF3R	mon
CTBP2	mon
CX3CR1	mon
CYBB	mon
DHX8	mon
F13A1	mon
FCAR	mon
FCER1G	mon
FCN1	mon
FGR	mon
FOLR2	mon
FPR2	mon
HADHA	mon
HCK	mon
HK3	mon
AGFG1	mon
HSPA6	mon
CXCR2	mon
IL10RA	mon
IMPDH1	mon
KCNMB1	mon
LTBR	mon
LYL1	mon
MAN2C1	mon
MARK3	mon
MAP3K3	mon
MAP3K11	mon
MNDA	mon
MNT	mon
MYO1F	mon
NUBP1	mon
NCF4	mon
CFP	mon
PLP2	mon
PPP1CB	mon
PRKACA	mon
PTEN	mon
PTGIR	mon
RARA	mon
RNASE2	mon
S100A6	mon
S100A10	mon
S100A12	mon
SH3BP2	mon
SLC11A1	mon
NEK4	mon
CLEC3B	mon
TPD52L2	mon
UBE2D1	mon
USP4	mon
BEST1	mon
WAS	mon
LST1	mon
NUP214	mon
NCOA4	mon
NDST2	mon
PIAS1	mon
MARCO	mon
TMEM11	mon
MTMR3	mon
BTAF1	mon
DOK2	mon
PSTPIP1	mon
CD163	mon
CD101	mon
QKI	mon
LY86	mon
EIF4E2	mon
H2AFY	mon
PPM1F	mon
SNX17	mon
GIT2	mon
USP15	mon
COL4A3BP	mon
CALCOCO2	mon
RGS19	mon
LILRB2	mon
RTN3	mon
CEPT1	mon
CLEC10A	mon
CAMKK2	mon
LILRB1	mon
CD300C	mon
LILRA1	mon
LILRB3	mon
LILRA2	mon
OGFR	mon
WWP2	mon
AKAP13	mon
TREX1	mon
GABARAP	mon
RPH3A	mon
CD93	mon
SPEN	mon
SETX	mon
KDM6B	mon
STAB1	mon
KLHL18	mon
ANKS1A	mon
UBR2	mon
SIN3B	mon
DNAJC13	mon
KIAA1033	mon
SUN1	mon
SIK3	mon
MED13L	mon
SEC11A	mon
ACAP2	mon
PADI4	mon
STX12	mon
IL17RA	mon
PGLS	mon
FAM32A	mon
FBXL5	mon
CLEC4E	mon
PTPN18	mon
SIGLEC9	mon
COQ2	mon
VENTX	mon
CECR5	mon
NKIRAS2	mon
COMMD9	mon
STRN4	mon
PILRA	mon
CLEC4A	mon
METTL9	mon
TLR7	mon
ZDHHC3	mon
TLR8	mon
TMBIM4	mon
P2RY13	mon
TREM1	mon
RIN2	mon
RBM41	mon
RHOT1	mon
NPLOC4	mon
WDR11	mon
NSFL1C	mon
RETN	mon
DENND1A	mon
PCTP	mon
DPEP2	mon
MS4A6A	mon
MTMR14	mon
ATG3	mon
AHNAK	mon
TSEN34	mon
MBOAT7	mon
CARS2	mon
DOK3	mon
PANK2	mon
FBXO11	mon
SPG11	mon
CXorf21	mon
DHX57	mon
SLC38A10	mon
UBXN2B	mon
HIPK1	mon
YTHDF3	mon
LILRA5	mon
CCR2	mon
F10	mon
EMILIN2	mon
F5	mon
C3	mon
GDA	mon
MKI67	mon
SELL	mon
HP	mon
FN1	mon
ANXA2	mon
CD24	mon
S100A6	mon
MGST1	mon
SLPI	mon
F10	mon
EMILIN2	mon
F5	mon
C3	mon
GDA	mon
MKI67	mon
SELL	mon
HP	mon
FN1	mon
ANXA2	mon
CD24	mon
S100A6	mon
MGST1	mon
SLPI	mon
ABCB7	mon
AIF1	mon
ANXA1	mon
ARF5	mon
ASGR2	mon
BPI	mon
BTK	mon
TSPO	mon
C3AR1	mon
CAPN2	mon
CAPN3	mon
CAPNS1	mon
CAST	mon
CD4	mon
CD33	mon
CEACAM4	mon
MAPK14	mon
CSF1R	mon
CSF3R	mon
CTBP2	mon
CX3CR1	mon
CYBB	mon
DHX8	mon
F13A1	mon
FCAR	mon
FCER1G	mon
FCN1	mon
FGR	mon
FOLR2	mon
FPR2	mon
HADHA	mon
HCK	mon
HK3	mon
AGFG1	mon
HSPA6	mon
CXCR2	mon
IL10RA	mon
IMPDH1	mon
KCNMB1	mon
LTBR	mon
LYL1	mon
MAN2C1	mon
MARK3	mon
MAP3K3	mon
MAP3K11	mon
MNDA	mon
MNT	mon
MYO1F	mon
NUBP1	mon
NCF4	mon
CFP	mon
PLP2	mon
PPP1CB	mon
PRKACA	mon
PTEN	mon
PTGIR	mon
RARA	mon
RNASE2	mon
S100A6	mon
S100A10	mon
S100A12	mon
SH3BP2	mon
SLC11A1	mon
NEK4	mon
CLEC3B	mon
TPD52L2	mon
UBE2D1	mon
USP4	mon
BEST1	mon
WAS	mon
LST1	mon
NUP214	mon
NCOA4	mon
NDST2	mon
PIAS1	mon
MARCO	mon
TMEM11	mon
MTMR3	mon
BTAF1	mon
DOK2	mon
PSTPIP1	mon
CD163	mon
CD101	mon
QKI	mon
LY86	mon
EIF4E2	mon
H2AFY	mon
PPM1F	mon
SNX17	mon
GIT2	mon
USP15	mon
COL4A3BP	mon
CALCOCO2	mon
RGS19	mon
LILRB2	mon
RTN3	mon
CEPT1	mon
CLEC10A	mon
CAMKK2	mon
LILRB1	mon
CD300C	mon
LILRA1	mon
LILRB3	mon
LILRA2	mon
OGFR	mon
WWP2	mon
AKAP13	mon
TREX1	mon
GABARAP	mon
RPH3A	mon
CD93	mon
SPEN	mon
SETX	mon
KDM6B	mon
STAB1	mon
KLHL18	mon
ANKS1A	mon
UBR2	mon
SIN3B	mon
DNAJC13	mon
KIAA1033	mon
SUN1	mon
SIK3	mon
MED13L	mon
SEC11A	mon
ACAP2	mon
PADI4	mon
STX12	mon
IL17RA	mon
PGLS	mon
FAM32A	mon
FBXL5	mon
CLEC4E	mon
PTPN18	mon
SIGLEC9	mon
COQ2	mon
VENTX	mon
CECR5	mon
NKIRAS2	mon
COMMD9	mon
STRN4	mon
PILRA	mon
CLEC4A	mon
METTL9	mon
TLR7	mon
ZDHHC3	mon
TLR8	mon
TMBIM4	mon
P2RY13	mon
TREM1	mon
RIN2	mon
RBM41	mon
RHOT1	mon
NPLOC4	mon
WDR11	mon
NSFL1C	mon
RETN	mon
DENND1A	mon
PCTP	mon
DPEP2	mon
MS4A6A	mon
MTMR14	mon
ATG3	mon
AHNAK	mon
TSEN34	mon
MBOAT7	mon
CARS2	mon
DOK3	mon
PANK2	mon
FBXO11	mon
SPG11	mon
CXorf21	mon
DHX57	mon
SLC38A10	mon
UBXN2B	mon
HIPK1	mon
YTHDF3	mon
LILRA5	mon
CCR2	mon
F10	mon
EMILIN2	mon
F5	mon
C3	mon
GDA	mon
MKI67	mon
SELL	mon
HP	mon
FN1	mon
ANXA2	mon
CD24	mon
S100A6	mon
MGST1	mon
SLPI	mon
18	mon
100	mon
54	mon
232	mon
44	mon
141	mon
265	mon
171	mon
143	mon
39	mon
7	mon
73	mon
97	mon
136	mon
163	mon
167	mon
238	mon
41	mon
40	mon
60	mon
95	mon
275	mon
224	mon
66	mon
93	mon
145	mon
48	mon
190	mon
189	mon
13	mon
226	mon
227	mon
17	mon
29	mon
36	mon
273	mon
45	mon
65	mon
107	mon
119	mon
123	mon
125	mon
126	mon
156	mon
176	mon
196	mon
214	mon
220	mon
280	mon
281	mon
284	mon
289	mon
24	mon
148	mon
185	mon
131	mon
20	mon
88	mon
30	mon
264	mon
31	mon
144	mon
101	mon
146	mon
142	mon
276	mon
108	mon
234	mon
3	mon
129	mon
59	mon
290	mon
63	mon
200	mon
164	mon
266	mon
229	mon
228	mon
271	mon
272	mon
233	mon
78	mon
86	mon
187	mon
2	mon
11	mon
15	mon
26	mon
28	mon
278	mon
32	mon
33	mon
34	mon
37	mon
46	mon
51	mon
157	mon
68	mon
70	mon
80	mon
99	mon
102	mon
105	mon
118	mon
5	mon
71	mon
128	mon
130	mon
149	mon
151	mon
152	mon
160	mon
154	mon
168	mon
184	mon
177	mon
204	mon
209	mon
210	mon
213	mon
239	mon
237	mon
246	mon
250	mon
180	mon
57	mon
274	mon
286	mon
292	mon
178	mon
179	mon
198	mon
159	mon
269	mon
175	mon
27	mon
84	mon
211	mon
217	mon
150	mon
117	mon
208	mon
252	mon
111	mon
285	mon
62	mon
225	mon
236	mon
53	mon
55	mon
186	mon
295	mon
8	mon
254	mon
245	mon
137	mon
257	mon
139	mon
10	mon
282	mon
249	mon
83	mon
138	mon
261	mon
248	mon
162	mon
242	mon
259	mon
195	mon
94	mon
216	mon
247	mon
64	mon
52	mon
181	mon
258	mon
58	mon
298	mon
267	mon
221	mon
182	mon
293	mon
183	mon
192	mon
174	mon
19	mon
6	mon
277	mon
161	mon
35	mon
85	mon
191	mon
96	mon
255	mon
72	mon
79	mon
251	mon
283	mon
122	mon
296	mon
69	mon
300	mon
287	mon
199	mon
133	mon
67	mon
127	mon
205	mon
256	mon
147	mon
87	mon
104	mon
103	mon
235	mon
43	mon
16	mon
47	mon
12	mon
25	mon
42	mon
50	mon
77	mon
81	mon
115	mon
90	mon
91	mon
92	mon
106	mon
109	mon
121	mon
124	mon
135	mon
166	mon
172	mon
173	mon
188	mon
193	mon
194	mon
202	mon
203	mon
206	mon
207	mon
158	mon
153	mon
218	mon
223	mon
61	mon
260	mon
262	mon
197	mon
215	mon
89	mon
82	mon
212	mon
230	mon
140	mon
22	mon
253	mon
288	mon
76	mon
201	mon
294	mon
1	mon
279	mon
23	mon
169	mon
9	mon
14	mon
112	mon
155	mon
132	mon
134	mon
38	mon
110	mon
244	mon
113	mon
114	mon
219	mon
263	mon
4	mon
231	mon
75	mon
56	mon
297	mon
49	mon
21	mon
165	mon
268	mon
291	mon
241	mon
74	mon
240	mon
301	mon
116	mon
222	mon
303	mon
299	mon
302	mon
270	mon
120	mon
243	mon
98	mon
170	mon
F10	mon
EMILIN2	mon
F5	mon
C3	mon
GDA	mon
MKI67	mon
SELL	mon
HP	mon
FN1	mon
ANXA2	mon
CD24	mon
S100A6	mon
MGST1	mon
SLPI	mon
18	mon
100	mon
54	mon
232	mon
44	mon
141	mon
265	mon
171	mon
143	mon
39	mon
7	mon
73	mon
97	mon
136	mon
163	mon
167	mon
238	mon
41	mon
40	mon
60	mon
95	mon
275	mon
224	mon
66	mon
93	mon
145	mon
48	mon
190	mon
189	mon
13	mon
226	mon
227	mon
17	mon
29	mon
36	mon
273	mon
45	mon
65	mon
107	mon
119	mon
123	mon
125	mon
126	mon
156	mon
176	mon
196	mon
214	mon
220	mon
280	mon
281	mon
284	mon
289	mon
24	mon
148	mon
185	mon
131	mon
20	mon
88	mon
30	mon
264	mon
31	mon
144	mon
101	mon
146	mon
142	mon
276	mon
108	mon
234	mon
3	mon
129	mon
59	mon
290	mon
63	mon
200	mon
164	mon
266	mon
229	mon
228	mon
271	mon
272	mon
233	mon
78	mon
86	mon
187	mon
2	mon
11	mon
15	mon
26	mon
28	mon
278	mon
32	mon
33	mon
34	mon
37	mon
46	mon
51	mon
157	mon
68	mon
70	mon
80	mon
99	mon
102	mon
105	mon
118	mon
5	mon
71	mon
128	mon
130	mon
149	mon
151	mon
152	mon
160	mon
154	mon
168	mon
184	mon
177	mon
204	mon
209	mon
210	mon
213	mon
239	mon
237	mon
246	mon
250	mon
180	mon
57	mon
274	mon
286	mon
292	mon
178	mon
179	mon
198	mon
159	mon
269	mon
175	mon
27	mon
84	mon
211	mon
217	mon
150	mon
117	mon
208	mon
252	mon
111	mon
285	mon
62	mon
225	mon
236	mon
53	mon
55	mon
186	mon
295	mon
8	mon
254	mon
245	mon
137	mon
257	mon
139	mon
10	mon
282	mon
249	mon
83	mon
138	mon
261	mon
248	mon
162	mon
242	mon
259	mon
195	mon
94	mon
216	mon
247	mon
64	mon
52	mon
181	mon
258	mon
58	mon
298	mon
267	mon
221	mon
182	mon
293	mon
183	mon
192	mon
174	mon
19	mon
6	mon
277	mon
161	mon
35	mon
85	mon
191	mon
96	mon
255	mon
72	mon
79	mon
251	mon
283	mon
122	mon
296	mon
69	mon
300	mon
287	mon
199	mon
133	mon
67	mon
127	mon
205	mon
256	mon
147	mon
87	mon
104	mon
103	mon
235	mon
43	mon
16	mon
47	mon
12	mon
25	mon
42	mon
50	mon
77	mon
81	mon
115	mon
90	mon
91	mon
92	mon
106	mon
109	mon
121	mon
124	mon
135	mon
166	mon
172	mon
173	mon
188	mon
193	mon
194	mon
202	mon
203	mon
206	mon
207	mon
158	mon
153	mon
218	mon
223	mon
61	mon
260	mon
262	mon
197	mon
215	mon
89	mon
82	mon
212	mon
230	mon
140	mon
22	mon
253	mon
288	mon
76	mon
201	mon
294	mon
1	mon
279	mon
23	mon
169	mon
9	mon
14	mon
112	mon
155	mon
132	mon
134	mon
38	mon
110	mon
244	mon
113	mon
114	mon
219	mon
263	mon
4	mon
231	mon
75	mon
56	mon
297	mon
49	mon
21	mon
165	mon
268	mon
291	mon
241	mon
74	mon
240	mon
301	mon
116	mon
222	mon
303	mon
299	mon
302	mon
270	mon
120	mon
243	mon
98	mon
170	mon
F10	mon
EMILIN2	mon
F5	mon
C3	mon
GDA	mon
MKI67	mon
SELL	mon
HP	mon
FN1	mon
ANXA2	mon
CD24	mon
S100A6	mon
MGST1	mon
SLPI	mon
18	mon
100	mon
54	mon
232	mon
44	mon
141	mon
265	mon
171	mon
143	mon
39	mon
7	mon
73	mon
97	mon
136	mon
163	mon
167	mon
238	mon
41	mon
40	mon
60	mon
95	mon
275	mon
224	mon
66	mon
93	mon
145	mon
48	mon
190	mon
189	mon
13	mon
226	mon
227	mon
17	mon
29	mon
36	mon
273	mon
45	mon
65	mon
107	mon
119	mon
123	mon
125	mon
126	mon
156	mon
176	mon
196	mon
214	mon
220	mon
280	mon
281	mon
284	mon
289	mon
24	mon
148	mon
185	mon
131	mon
20	mon
88	mon
30	mon
264	mon
31	mon
144	mon
101	mon
146	mon
142	mon
276	mon
108	mon
234	mon
3	mon
129	mon
59	mon
290	mon
63	mon
200	mon
164	mon
266	mon
229	mon
228	mon
271	mon
272	mon
233	mon
78	mon
86	mon
187	mon
2	mon
11	mon
15	mon
26	mon
28	mon
278	mon
32	mon
33	mon
34	mon
37	mon
46	mon
51	mon
157	mon
68	mon
70	mon
80	mon
99	mon
102	mon
105	mon
118	mon
5	mon
71	mon
128	mon
130	mon
149	mon
151	mon
152	mon
160	mon
154	mon
168	mon
184	mon
177	mon
204	mon
209	mon
210	mon
213	mon
239	mon
237	mon
246	mon
250	mon
180	mon
57	mon
274	mon
286	mon
292	mon
178	mon
179	mon
198	mon
159	mon
269	mon
175	mon
27	mon
84	mon
211	mon
217	mon
150	mon
117	mon
208	mon
252	mon
111	mon
285	mon
62	mon
225	mon
236	mon
53	mon
55	mon
186	mon
295	mon
8	mon
254	mon
245	mon
137	mon
257	mon
139	mon
10	mon
282	mon
249	mon
83	mon
138	mon
261	mon
248	mon
162	mon
242	mon
259	mon
195	mon
94	mon
216	mon
247	mon
64	mon
52	mon
181	mon
258	mon
58	mon
298	mon
267	mon
221	mon
182	mon
293	mon
183	mon
192	mon
174	mon
19	mon
6	mon
277	mon
161	mon
35	mon
85	mon
191	mon
96	mon
255	mon
72	mon
79	mon
251	mon
283	mon
122	mon
296	mon
69	mon
300	mon
287	mon
199	mon
133	mon
67	mon
127	mon
205	mon
256	mon
147	mon
87	mon
104	mon
103	mon
235	mon
43	mon
16	mon
47	mon
12	mon
25	mon
42	mon
50	mon
77	mon
81	mon
115	mon
90	mon
91	mon
92	mon
106	mon
109	mon
121	mon
124	mon
135	mon
166	mon
172	mon
173	mon
188	mon
193	mon
194	mon
202	mon
203	mon
206	mon
207	mon
158	mon
153	mon
218	mon
223	mon
61	mon
260	mon
262	mon
197	mon
215	mon
89	mon
82	mon
212	mon
230	mon
140	mon
22	mon
253	mon
288	mon
76	mon
201	mon
294	mon
1	mon
279	mon
23	mon
169	mon
9	mon
14	mon
112	mon
155	mon
132	mon
134	mon
38	mon
110	mon
244	mon
113	mon
114	mon
219	mon
263	mon
4	mon
231	mon
75	mon
56	mon
297	mon
49	mon
21	mon
165	mon
268	mon
291	mon
241	mon
74	mon
240	mon
301	mon
116	mon
222	mon
303	mon
299	mon
302	mon
270	mon
120	mon
243	mon
98	mon
170	mon
F10	mon
EMILIN2	mon
F5	mon
C3	mon
GDA	mon
MKI67	mon
SELL	mon
HP	mon
FN1	mon
ANXA2	mon
CD24	mon
S100A6	mon
MGST1	mon
SLPI	mon
18	mon
100	mon
54	mon
232	mon
44	mon
141	mon
265	mon
171	mon
143	mon
39	mon
7	mon
73	mon
97	mon
136	mon
163	mon
167	mon
238	mon
41	mon
40	mon
60	mon
95	mon
275	mon
224	mon
66	mon
93	mon
145	mon
48	mon
190	mon
189	mon
13	mon
226	mon
227	mon
17	mon
29	mon
36	mon
273	mon
45	mon
65	mon
107	mon
119	mon
123	mon
125	mon
126	mon
156	mon
176	mon
196	mon
214	mon
220	mon
280	mon
281	mon
284	mon
289	mon
24	mon
148	mon
185	mon
131	mon
20	mon
88	mon
30	mon
264	mon
31	mon
144	mon
101	mon
146	mon
142	mon
276	mon
108	mon
234	mon
3	mon
129	mon
59	mon
290	mon
63	mon
200	mon
164	mon
266	mon
229	mon
228	mon
271	mon
272	mon
233	mon
78	mon
86	mon
187	mon
2	mon
11	mon
15	mon
26	mon
28	mon
278	mon
32	mon
33	mon
34	mon
37	mon
46	mon
51	mon
157	mon
68	mon
70	mon
80	mon
99	mon
102	mon
105	mon
118	mon
5	mon
71	mon
128	mon
130	mon
149	mon
151	mon
152	mon
160	mon
154	mon
168	mon
184	mon
177	mon
204	mon
209	mon
210	mon
213	mon
239	mon
237	mon
246	mon
250	mon
180	mon
57	mon
274	mon
286	mon
292	mon
178	mon
179	mon
198	mon
159	mon
269	mon
175	mon
27	mon
84	mon
211	mon
217	mon
150	mon
117	mon
208	mon
252	mon
111	mon
285	mon
62	mon
225	mon
236	mon
53	mon
55	mon
186	mon
295	mon
8	mon
254	mon
245	mon
137	mon
257	mon
139	mon
10	mon
282	mon
249	mon
83	mon
138	mon
261	mon
248	mon
162	mon
242	mon
259	mon
195	mon
94	mon
216	mon
247	mon
64	mon
52	mon
181	mon
258	mon
58	mon
298	mon
267	mon
221	mon
182	mon
293	mon
183	mon
192	mon
174	mon
19	mon
6	mon
277	mon
161	mon
35	mon
85	mon
191	mon
96	mon
255	mon
72	mon
79	mon
251	mon
283	mon
122	mon
296	mon
69	mon
300	mon
287	mon
199	mon
133	mon
67	mon
127	mon
205	mon
256	mon
147	mon
87	mon
104	mon
103	mon
235	mon
43	mon
16	mon
47	mon
12	mon
25	mon
42	mon
50	mon
77	mon
81	mon
115	mon
90	mon
91	mon
92	mon
106	mon
109	mon
121	mon
124	mon
135	mon
166	mon
172	mon
173	mon
188	mon
193	mon
194	mon
202	mon
203	mon
206	mon
207	mon
158	mon
153	mon
218	mon
223	mon
61	mon
260	mon
262	mon
197	mon
215	mon
89	mon
82	mon
212	mon
230	mon
140	mon
22	mon
253	mon
288	mon
76	mon
201	mon
294	mon
1	mon
279	mon
23	mon
169	mon
9	mon
14	mon
112	mon
155	mon
132	mon
134	mon
38	mon
110	mon
244	mon
113	mon
114	mon
219	mon
263	mon
4	mon
231	mon
75	mon
56	mon
297	mon
49	mon
21	mon
165	mon
268	mon
291	mon
241	mon
74	mon
240	mon
301	mon
116	mon
222	mon
303	mon
299	mon
302	mon
270	mon
120	mon
243	mon
98	mon
170	mon
F10	mon
EMILIN2	mon
F5	mon
C3	mon
GDA	mon
MKI67	mon
SELL	mon
HP	mon
FN1	mon
ANXA2	mon
CD24	mon
S100A6	mon
MGST1	mon
SLPI	mon
18	mon
100	mon
54	mon
232	mon
44	mon
141	mon
265	mon
171	mon
143	mon
39	mon
7	mon
73	mon
97	mon
136	mon
163	mon
167	mon
238	mon
41	mon
40	mon
60	mon
95	mon
275	mon
224	mon
66	mon
93	mon
145	mon
48	mon
190	mon
189	mon
13	mon
226	mon
227	mon
17	mon
29	mon
36	mon
273	mon
45	mon
65	mon
107	mon
119	mon
123	mon
125	mon
126	mon
156	mon
176	mon
196	mon
214	mon
220	mon
280	mon
281	mon
284	mon
289	mon
24	mon
148	mon
185	mon
131	mon
20	mon
88	mon
30	mon
264	mon
31	mon
144	mon
101	mon
146	mon
142	mon
276	mon
108	mon
234	mon
3	mon
129	mon
59	mon
290	mon
63	mon
200	mon
164	mon
266	mon
229	mon
228	mon
271	mon
272	mon
233	mon
78	mon
86	mon
187	mon
2	mon
11	mon
15	mon
26	mon
28	mon
278	mon
32	mon
33	mon
34	mon
37	mon
46	mon
51	mon
157	mon
68	mon
70	mon
80	mon
99	mon
102	mon
105	mon
118	mon
5	mon
71	mon
128	mon
130	mon
149	mon
151	mon
152	mon
160	mon
154	mon
168	mon
184	mon
177	mon
204	mon
209	mon
210	mon
213	mon
239	mon
237	mon
246	mon
250	mon
180	mon
57	mon
274	mon
286	mon
292	mon
178	mon
179	mon
198	mon
159	mon
269	mon
175	mon
27	mon
84	mon
211	mon
217	mon
150	mon
117	mon
208	mon
252	mon
111	mon
285	mon
62	mon
225	mon
236	mon
53	mon
55	mon
186	mon
295	mon
8	mon
254	mon
245	mon
137	mon
257	mon
139	mon
10	mon
282	mon
249	mon
83	mon
138	mon
261	mon
248	mon
162	mon
242	mon
259	mon
195	mon
94	mon
216	mon
247	mon
64	mon
52	mon
181	mon
258	mon
58	mon
298	mon
267	mon
221	mon
182	mon
293	mon
183	mon
192	mon
174	mon
19	mon
6	mon
277	mon
161	mon
35	mon
85	mon
191	mon
96	mon
255	mon
72	mon
79	mon
251	mon
283	mon
122	mon
296	mon
69	mon
300	mon
287	mon
199	mon
133	mon
67	mon
127	mon
205	mon
256	mon
147	mon
87	mon
104	mon
103	mon
235	mon
43	mon
16	mon
47	mon
12	mon
25	mon
42	mon
50	mon
77	mon
81	mon
115	mon
90	mon
91	mon
92	mon
106	mon
109	mon
121	mon
124	mon
135	mon
166	mon
172	mon
173	mon
188	mon
193	mon
194	mon
202	mon
203	mon
206	mon
207	mon
158	mon
153	mon
218	mon
223	mon
61	mon
260	mon
262	mon
197	mon
215	mon
89	mon
82	mon
212	mon
230	mon
140	mon
22	mon
253	mon
288	mon
76	mon
201	mon
294	mon
1	mon
279	mon
23	mon
169	mon
9	mon
14	mon
112	mon
155	mon
132	mon
134	mon
38	mon
110	mon
244	mon
113	mon
114	mon
219	mon
263	mon
4	mon
231	mon
75	mon
56	mon
297	mon
49	mon
21	mon
165	mon
268	mon
291	mon
241	mon
74	mon
240	mon
301	mon
116	mon
222	mon
303	mon
299	mon
302	mon
270	mon
120	mon
243	mon
98	mon
170	mon
